10;0.176757;0.106806;0.005265;0.136931;0.099374;0.104626;0.048954;0.074502;0.007522;0.156449;0.048189;0.140743;0.166329;0.155021;0.058732;0.060989;0.051147;0.039864;0.194898;0.158833;0.184381;0.119695;0.174603;0.124208;0.051899;0.025573;0.108426;0.142285;0.196415;0.116661;0.129460;0.208450;0.121097;0.073724;0.188141;0.200954;0.152038;0.145217;0.176069;0.111396;0.078224;0.119644;0.068548;0.201693;0.040680;0.012073;0.165513;0.072233;0.043663;0.153517;0.074527;0.100853;0.069224;0.008274;0.118841;0.139901;0.018868;0.198633;0.180543;0.041381;0.139149;0.027830;0.100037;0.164722;
10;0.083688;0.099480;0.053283;0.064830;0.160623;0.063697;0.100604;0.023669;0.054668;0.149372;0.209130;0.182924;0.161773;0.113580;0.062006;0.073562;0.087915;0.057509;0.198141;0.154750;0.082033;0.045099;0.135263;0.098077;0.138635;0.178366;0.084534;0.064821;0.196693;0.054947;0.006763;0.033813;0.113284;0.077771;0.174984;0.044803;0.044254;0.087366;0.196963;0.006763;0.167430;0.067087;0.045657;0.044254;0.187988;0.122618;0.074695;0.200075;0.227448;0.226028;0.223771;0.195020;0.066817;0.218699;0.020872;0.023957;0.107384;0.109929;0.171926;0.155281;0.060019;0.091026;0.010144;0.049875;
10;0.032103;0.031409;0.011342;0.028791;0.008725;0.183218;0.028791;0.124781;0.205421;0.051476;0.069708;0.179835;0.028311;0.100334;0.004362;0.113812;0.052348;0.088992;0.164131;0.211155;0.224723;0.048573;0.075032;0.072415;0.035771;0.050603;0.086374;0.172944;0.032477;0.034026;0.205226;0.014832;0.011342;0.034899;0.020067;0.139114;0.218989;0.073002;0.101313;0.225684;0.041006;0.138918;0.117018;0.233839;0.215321;0.186138;0.188471;0.034418;0.098892;0.137672;0.215126;0.127683;0.121184;0.157828;0.200098;0.102951;0.225506;0.118869;0.113617;0.024429;0.005235;0.049731;0.019586;0.061945;
13;0.136183;0.193872;0.148188;0.089550;0.167075;0.186007;0.141544;0.190842;0.184601;0.202240;0.167423;0.068255;0.178105;0.139768;0.134421;0.182708;0.150704;0.033516;0.094588;0.110276;0.142548;0.064046;0.120163;0.024171;0.182203;0.155914;0.121509;0.081836;0.163324;0.087261;0.189284;0.080654;0.155038;0.185890;0.078519;0.045785;0.143565;0.136774;0.041993;0.007046;0.191679;0.174625;0.111021;0.142860;0.088651;0.023760;0.089637;0.038834;0.039991;0.110722;0.057625;0.145731;0.070389;0.093253;0.052950;0.126264;0.029418;0.053572;0.148456;0.022573;0.049591;0.121078;0.027844;0.060447;
10;0.043134;0.054543;0.039922;0.171229;0.085584;0.185322;0.050756;0.042403;0.027805;0.140679;0.057180;0.018720;0.050912;0.149763;0.130887;0.115379;0.170078;0.078669;0.128826;0.172979;0.186581;0.087154;0.151933;0.151225;0.190548;0.015353;0.040209;0.069321;0.041252;0.010391;0.172535;0.090678;0.168686;0.125482;0.160706;0.183369;0.093602;0.059086;0.010391;0.171960;0.212023;0.181115;0.014093;0.021513;0.038172;0.102375;0.091121;0.014202;0.181690;0.212264;0.193123;0.171120;0.035823;0.110837;0.114803;0.108356;0.092847;0.096441;0.210429;0.187850;0.072401;0.173578;0.145353;0.065066;
227;0.074450;0.086524;0.092338;0.084700;0.051428;0.041949;0.074608;0.059766;0.065563;0.070590;0.056831;0.035545;0.035721;0.039377;0.053562;0.074337;0.071773;0.033009;0.046289;0.028467;0.037587;0.047665;0.075222;0.073924;0.038310;0.037454;0.053415;0.047496;0.056630;0.064170;0.070146;0.084479;0.056698;0.057640;0.063121;0.066472;0.070624;0.099606;0.111033;0.110295;0.097538;0.100013;0.112137;0.095500;0.109855;0.115424;0.136324;0.128941;0.131778;0.158164;0.163443;0.171707;0.159963;0.168372;0.180611;0.191855;0.203377;0.228600;0.240710;0.250309;0.255937;0.259089;0.277781;0.281534;
10;0.029566;0.148503;0.164050;0.222483;0.017087;0.099106;0.059805;0.006835;0.078782;0.041372;0.220101;0.083909;0.134821;0.173435;0.015378;0.056388;0.080155;0.067520;0.025825;0.158587;0.026666;0.031443;0.018628;0.183519;0.148348;0.150575;0.211920;0.048556;0.194134;0.033165;0.152943;0.104245;0.147843;0.211415;0.207144;0.132633;0.159791;0.105617;0.038123;0.196348;0.229176;0.177746;0.128193;0.047365;0.212076;0.179092;0.067339;0.147481;0.159947;0.148503;0.117578;0.071611;0.054006;0.077242;0.147131;0.074342;0.037592;0.014524;0.018796;0.010938;0.020505;0.013670;0.114834;0.076905;
10;0.170087;0.065790;0.057637;0.032374;0.009934;0.003061;0.035962;0.119350;0.135392;0.172646;0.023192;0.161671;0.139231;0.078546;0.046410;0.144072;0.193794;0.085921;0.143307;0.202461;0.155022;0.153254;0.088731;0.081819;0.059643;0.071647;0.091277;0.148901;0.216735;0.208595;0.093560;0.189692;0.079299;0.166538;0.129547;0.051477;0.155022;0.148914;0.039498;0.203992;0.038759;0.024485;0.173424;0.109126;0.208846;0.095116;0.103532;0.179783;0.080591;0.069628;0.060434;0.185126;0.172370;0.077003;0.111962;0.050750;0.181313;0.070644;0.062227;0.103269;0.027520;0.157619;0.043613;0.133900;
10;0.162140;0.096109;0.089077;0.139965;0.124543;0.144760;0.118284;0.053915;0.020414;0.156276;0.076772;0.178556;0.113801;0.062806;0.128146;0.173860;0.091421;0.017190;0.162049;0.212649;0.064566;0.100016;0.117988;0.078639;0.072767;0.129034;0.109408;0.112526;0.176591;0.088296;0.034578;0.158339;0.026863;0.136658;0.189010;0.027348;0.005470;0.024420;0.179140;0.154523;0.196133;0.209129;0.162337;0.062510;0.047664;0.061152;0.112139;0.009475;0.204926;0.205214;0.073450;0.167996;0.049325;0.207270;0.051480;0.168876;0.108232;0.041413;0.000000;0.048445;0.158627;0.194958;0.064270;0.101094;
11;0.129789;0.080152;0.203454;0.118919;0.058308;0.021202;0.036321;0.076769;0.204919;0.220258;0.171591;0.007162;0.018427;0.083236;0.051241;0.023757;0.185412;0.052906;0.140287;0.170126;0.116163;0.085591;0.028269;0.076954;0.006648;0.022300;0.157762;0.148339;0.196658;0.039995;0.095799;0.161760;0.132287;0.173852;0.109662;0.170526;0.090432;0.087291;0.084587;0.009004;0.043555;0.134643;0.090232;0.073942;0.158948;0.212563;0.056685;0.078471;0.004711;0.086377;0.132635;0.223338;0.170727;0.118901;0.194869;0.032561;0.020730;0.089831;0.153617;0.192294;0.057452;0.155607;0.203873;0.150129;
10;0.164793;0.023650;0.107766;0.063125;0.093776;0.199281;0.086130;0.157504;0.173618;0.000000;0.126606;0.153558;0.191170;0.184497;0.145775;0.098832;0.016579;0.055589;0.097791;0.083938;0.129840;0.148433;0.165944;0.059110;0.074429;0.192745;0.069332;0.009331;0.180729;0.215901;0.178002;0.163177;0.136800;0.074607;0.045216;0.157504;0.190347;0.154859;0.026308;0.154490;0.149433;0.105039;0.111534;0.058603;0.062988;0.161888;0.097215;0.144693;0.042887;0.074141;0.044572;0.188731;0.103285;0.055013;0.137157;0.071880;0.017730;0.032981;0.020210;0.197993;0.078594;0.044463;0.133389;0.185072;
10;0.173115;0.049309;0.114699;0.005060;0.125663;0.066626;0.194819;0.015911;0.135613;0.115092;0.037952;0.038795;0.163614;0.070000;0.189759;0.120826;0.101991;0.075454;0.174128;0.065726;0.085181;0.015181;0.092714;0.224054;0.124369;0.042955;0.136063;0.041999;0.069157;0.129036;0.112112;0.233331;0.054819;0.070393;0.105252;0.160014;0.168561;0.033735;0.024458;0.202576;0.120602;0.009220;0.189589;0.236311;0.182392;0.038795;0.018554;0.025188;0.081357;0.124819;0.183742;0.160801;0.110255;0.153044;0.178795;0.032048;0.158497;0.073373;0.163951;0.183235;0.111155;0.010120;0.047229;0.148434;
34;0.178626;0.108400;0.088198;0.050900;0.097309;0.212732;0.144747;0.092523;0.105836;0.135443;0.117264;0.104560;0.206958;0.215485;0.031113;0.041320;0.163854;0.138691;0.113220;0.079357;0.109624;0.202527;0.105216;0.182360;0.146582;0.036130;0.185875;0.126309;0.168804;0.063941;0.178037;0.256614;0.108543;0.011796;0.040087;0.136122;0.076378;0.157488;0.202586;0.257885;0.038885;0.047656;0.019452;0.061671;0.140166;0.032237;0.135397;0.183497;0.003295;0.086405;0.087859;0.067450;0.062376;0.031743;0.124903;0.141151;0.086811;0.048179;0.036384;0.033906;0.016608;0.077426;0.014314;0.140401;
10;0.146612;0.164948;0.000771;0.207411;0.130052;0.058580;0.002312;0.090953;0.036320;0.100482;0.193257;0.182162;0.094970;0.072827;0.073225;0.016957;0.057038;0.160020;0.158454;0.176580;0.018662;0.075209;0.054609;0.030061;0.015602;0.036016;0.188141;0.154531;0.105971;0.146426;0.198068;0.025623;0.076681;0.165719;0.125638;0.197695;0.007124;0.161094;0.004625;0.146543;0.150303;0.023124;0.153480;0.095740;0.186507;0.048560;0.155699;0.069371;0.070912;0.077079;0.145655;0.159038;0.179756;0.205005;0.052203;0.061266;0.047018;0.077639;0.151891;0.074742;0.050661;0.222219;0.183189;0.175692;
20;0.109586;0.116942;0.038867;0.112022;0.138859;0.068740;0.113363;0.167703;0.152234;0.048548;0.062552;0.159335;0.027557;0.043191;0.131868;0.108928;0.038267;0.091710;0.029042;0.061038;0.006677;0.084148;0.003723;0.035173;0.036489;0.018617;0.064128;0.093951;0.020974;0.143035;0.003008;0.117000;0.116169;0.004526;0.083666;0.190241;0.123879;0.025409;0.096120;0.036518;0.183276;0.089735;0.223097;0.219949;0.099855;0.201760;0.032856;0.053645;0.040385;0.180701;0.159778;0.221305;0.201713;0.066237;0.190129;0.181819;0.041702;0.200638;0.165682;0.239210;0.227838;0.125152;0.203616;0.007591;
11;0.127299;0.053033;0.000762;0.066265;0.034753;0.134538;0.172055;0.023436;0.187855;0.065610;0.107886;0.204429;0.210812;0.185394;0.154455;0.190065;0.081901;0.161404;0.206727;0.095618;0.171306;0.173969;0.128269;0.125606;0.202629;0.182347;0.036673;0.091224;0.168530;0.113306;0.047324;0.070747;0.018381;0.108062;0.060933;0.083783;0.047897;0.119116;0.025620;0.142061;0.053329;0.108547;0.183379;0.046758;0.200142;0.117977;0.173383;0.005527;0.194238;0.148632;0.145586;0.197379;0.108547;0.032758;0.016190;0.084740;0.066265;0.118726;0.030851;0.033513;0.032752;0.041892;0.166522;0.020099;
10;0.068450;0.115827;0.158101;0.202499;0.100362;0.019363;0.064045;0.124193;0.146360;0.169446;0.094230;0.081285;0.134049;0.169795;0.075216;0.118235;0.173170;0.118520;0.033623;0.134334;0.072522;0.025320;0.053619;0.045079;0.107064;0.002519;0.099047;0.183485;0.121214;0.079050;0.103737;0.173851;0.038725;0.023831;0.064790;0.116746;0.084834;0.131861;0.128423;0.166229;0.072982;0.189157;0.084438;0.076357;0.079446;0.178034;0.135300;0.162854;0.015465;0.165897;0.125048;0.203069;0.211831;0.201579;0.069084;0.079684;0.124129;0.194877;0.151224;0.158497;0.201405;0.078876;0.088906;0.011915;
10;0.125584;0.074085;0.115099;0.232390;0.128553;0.129779;0.075248;0.145138;0.215029;0.062340;0.046014;0.211771;0.066955;0.077216;0.216191;0.028267;0.015359;0.000000;0.072279;0.103256;0.208641;0.198541;0.192217;0.111807;0.018973;0.054209;0.056016;0.113678;0.147365;0.140557;0.133007;0.116324;0.054048;0.016263;0.069568;0.092155;0.163047;0.207415;0.167339;0.216611;0.075087;0.024233;0.090348;0.140040;0.102675;0.141944;0.190732;0.017264;0.184828;0.135459;0.175534;0.089284;0.097415;0.056016;0.168629;0.009777;0.065729;0.197477;0.059727;0.016844;0.086734;0.025297;0.072279;0.018070;
16;0.087197;0.099379;0.124251;0.069494;0.137936;0.203081;0.068848;0.089528;0.135983;0.039741;0.132854;0.074426;0.135620;0.168861;0.147695;0.104215;0.024532;0.141637;0.119720;0.076709;0.082545;0.162438;0.142716;0.057497;0.172452;0.094809;0.102889;0.187610;0.173845;0.040746;0.067831;0.110051;0.164930;0.073522;0.112969;0.148854;0.216821;0.124699;0.125523;0.094764;0.154020;0.162454;0.192385;0.202028;0.142449;0.096994;0.014557;0.015253;0.105218;0.080016;0.202621;0.188761;0.162008;0.128284;0.010212;0.041579;0.110006;0.150503;0.022714;0.134971;0.143932;0.040026;0.082429;0.036378;
10;0.205170;0.066742;0.002472;0.018951;0.013184;0.033920;0.055480;0.174201;0.173996;0.043671;0.076630;0.051087;0.002472;0.094894;0.177429;0.236960;0.149482;0.024719;0.112885;0.129364;0.099701;0.146805;0.201256;0.184157;0.194869;0.125381;0.121949;0.154908;0.200295;0.103134;0.197136;0.023277;0.180106;0.133002;0.011673;0.034607;0.035499;0.108833;0.008377;0.202080;0.167678;0.215400;0.097503;0.037216;0.089882;0.071754;0.058639;0.114670;0.011673;0.216980;0.056373;0.022384;0.149208;0.081574;0.042023;0.139457;0.011604;0.092422;0.221923;0.060287;0.176399;0.036255;0.092285;0.125450;
11;0.050990;0.064887;0.174962;0.193475;0.090759;0.122841;0.199713;0.039073;0.131008;0.028762;0.141036;0.191636;0.191382;0.164923;0.201048;0.116777;0.057127;0.007540;0.151251;0.156557;0.189905;0.127388;0.173260;0.187734;0.120431;0.133355;0.015623;0.109350;0.007031;0.118152;0.063757;0.169363;0.038072;0.095713;0.125702;0.066584;0.053700;0.177847;0.147383;0.213939;0.019486;0.027862;0.060956;0.153745;0.078349;0.078994;0.188096;0.019515;0.041324;0.058937;0.148875;0.081635;0.187128;0.202174;0.136738;0.068564;0.082613;0.023496;0.006386;0.021002;0.102495;0.201054;0.069322;0.044927;
10;0.011758;0.190737;0.052950;0.099025;0.189256;0.210679;0.132818;0.039193;0.068196;0.043285;0.078034;0.016720;0.196397;0.060178;0.165740;0.018029;0.026651;0.141268;0.201186;0.083435;0.073417;0.203624;0.124893;0.079954;0.102686;0.064449;0.209025;0.049031;0.116529;0.120535;0.204063;0.058790;0.010974;0.079343;0.110870;0.134997;0.203452;0.180892;0.141354;0.160692;0.057222;0.057481;0.111567;0.111308;0.050512;0.142397;0.188472;0.079170;0.116098;0.050512;0.096588;0.196749;0.011147;0.202754;0.138305;0.068196;0.108259;0.124195;0.085002;0.007839;0.068980;0.168789;0.196397;0.097199;
10;0.201097;0.194955;0.012598;0.190718;0.091655;0.163843;0.091580;0.062988;0.203466;0.032065;0.039623;0.190718;0.027752;0.010153;0.100893;0.025233;0.015117;0.084936;0.133798;0.214346;0.018552;0.147160;0.094250;0.042105;0.214158;0.180564;0.172543;0.113679;0.221027;0.142196;0.178309;0.135289;0.026875;0.107499;0.098562;0.145631;0.067451;0.091806;0.056457;0.021873;0.051230;0.031074;0.168957;0.153954;0.209420;0.222745;0.129448;0.010956;0.110282;0.084823;0.026875;0.097496;0.031262;0.038708;0.007596;0.142885;0.223924;0.056269;0.062988;0.105819;0.155558;0.057986;0.011833;0.162314;
10;0.165789;0.058833;0.135332;0.193234;0.152608;0.145897;0.196052;0.032343;0.027256;0.178385;0.197289;0.146667;0.132394;0.130963;0.187704;0.170162;0.129665;0.129653;0.174193;0.174850;0.085242;0.012060;0.045644;0.107480;0.121970;0.116017;0.196894;0.125550;0.029936;0.150730;0.072324;0.186140;0.026546;0.181243;0.111454;0.097181;0.178715;0.133055;0.145965;0.091434;0.034439;0.193637;0.055101;0.017868;0.005998;0.024261;0.032411;0.124502;0.106186;0.074666;0.144132;0.051525;0.081921;0.061243;0.137489;0.170291;0.023677;0.190441;0.018251;0.044483;0.075335;0.123272;0.133575;0.071348;
10;0.227658;0.084289;0.003169;0.094110;0.074295;0.165713;0.208817;0.054815;0.192801;0.105993;0.082389;0.031211;0.199463;0.069704;0.008074;0.036279;0.121827;0.072720;0.016636;0.133558;0.213723;0.110584;0.047685;0.160655;0.021227;0.160493;0.055922;0.128805;0.141480;0.084604;0.193928;0.125798;0.108055;0.176022;0.141480;0.158116;0.124844;0.106785;0.107100;0.149087;0.187590;0.047522;0.094262;0.044201;0.068922;0.014097;0.045623;0.073665;0.117714;0.115175;0.126428;0.184584;0.160818;0.131973;0.093470;0.146863;0.090779;0.117074;0.171898;0.000792;0.088727;0.102977;0.180135;0.193278;
10;0.058634;0.017199;0.118831;0.022672;0.121177;0.133177;0.205649;0.036783;0.039871;0.107104;0.085215;0.139158;0.021108;0.077944;0.200450;0.183524;0.109763;0.128526;0.123053;0.133998;0.166051;0.093345;0.111600;0.174651;0.210105;0.082674;0.031858;0.191850;0.033930;0.035728;0.194430;0.052380;0.171524;0.149634;0.054256;0.039637;0.057070;0.126649;0.133685;0.068015;0.094127;0.038620;0.171524;0.073527;0.058634;0.000782;0.037526;0.036744;0.123835;0.142363;0.124382;0.181453;0.112890;0.008092;0.159484;0.024235;0.048784;0.153308;0.185909;0.217180;0.208033;0.180123;0.192866;0.141269;
10;0.126906;0.071798;0.090598;0.010066;0.139940;0.058850;0.119033;0.019358;0.197026;0.062721;0.122345;0.047794;0.003097;0.068916;0.022026;0.077004;0.154782;0.131207;0.142392;0.106988;0.174140;0.111419;0.092620;0.157320;0.089307;0.165837;0.193929;0.190401;0.150910;0.182658;0.217288;0.216514;0.131552;0.158524;0.113957;0.076444;0.144371;0.128325;0.168161;0.135423;0.052225;0.081090;0.037728;0.090382;0.034415;0.090382;0.071798;0.070809;0.107418;0.076659;0.199564;0.019143;0.072917;0.174570;0.186745;0.080660;0.023230;0.119033;0.022026;0.142822;0.171043;0.174355;0.168720;0.105009;
10;0.155752;0.155499;0.095097;0.180347;0.105350;0.060705;0.077573;0.035201;0.116005;0.201305;0.190094;0.110501;0.027777;0.065251;0.175146;0.046362;0.020050;0.147975;0.206054;0.063533;0.170853;0.074695;0.015454;0.058382;0.100451;0.031767;0.017171;0.054948;0.081563;0.035504;0.190600;0.160853;0.130501;0.058685;0.183528;0.103127;0.143176;0.152064;0.156913;0.070501;0.016918;0.108784;0.185246;0.159489;0.111107;0.194387;0.160045;0.175548;0.059290;0.019747;0.040352;0.074695;0.204337;0.106461;0.138228;0.004596;0.269633;0.128983;0.208729;0.063280;0.038079;0.048079;0.124491;0.009444;
10;0.168407;0.133012;0.079842;0.092663;0.011287;0.105133;0.127356;0.013676;0.236962;0.067196;0.180022;0.156769;0.016416;0.088038;0.003419;0.171803;0.086001;0.002564;0.022223;0.011966;0.195911;0.008723;0.119664;0.086329;0.104630;0.180350;0.049575;0.058977;0.031625;0.189073;0.137613;0.167705;0.223614;0.084619;0.170948;0.121373;0.123083;0.083765;0.014027;0.068730;0.032831;0.088038;0.042737;0.063251;0.049575;0.004274;0.091984;0.193874;0.233367;0.124464;0.030771;0.123937;0.087184;0.006838;0.224469;0.195759;0.172704;0.243296;0.225850;0.104805;0.037609;0.136759;0.081727;0.053872;
10;0.156222;0.035708;0.067505;0.173597;0.103309;0.157710;0.041180;0.196275;0.086294;0.153247;0.101725;0.155191;0.080247;0.020830;0.170069;0.171174;0.137529;0.087590;0.054114;0.153055;0.107772;0.102565;0.125626;0.014039;0.217009;0.181684;0.030501;0.005951;0.054762;0.193131;0.044539;0.003720;0.200164;0.093063;0.092150;0.183747;0.158815;0.173597;0.133809;0.101917;0.204819;0.169686;0.028077;0.083967;0.165606;0.061458;0.028173;0.155478;0.069066;0.147464;0.191451;0.068249;0.043891;0.037100;0.141896;0.046123;0.188475;0.111300;0.028077;0.121906;0.004463;0.174820;0.075784;0.127762;
10;0.191819;0.117754;0.139582;0.188047;0.150237;0.071296;0.009133;0.114919;0.056594;0.050748;0.186491;0.139064;0.176874;0.059396;0.025876;0.111875;0.050229;0.197631;0.130174;0.192095;0.102809;0.184242;0.191576;0.130174;0.076624;0.160340;0.072334;0.042929;0.065518;0.155322;0.146189;0.186768;0.116475;0.106581;0.034039;0.188290;0.176113;0.201228;0.086275;0.084753;0.126126;0.132975;0.170267;0.108622;0.147678;0.123324;0.069013;0.054553;0.055072;0.061921;0.160858;0.058116;0.010931;0.028435;0.052270;0.111632;0.021309;0.061645;0.178086;0.119243;0.068010;0.123324;0.122806;0.156810;
10;0.221663;0.122188;0.108360;0.151303;0.041963;0.195967;0.016289;0.125128;0.157226;0.014808;0.162148;0.042943;0.034058;0.105638;0.061214;0.142157;0.000740;0.088108;0.096252;0.063675;0.183620;0.068618;0.113782;0.089589;0.167331;0.168071;0.029616;0.138455;0.042943;0.017029;0.176216;0.050347;0.176716;0.034799;0.146600;0.026654;0.025174;0.061453;0.133272;0.040722;0.187082;0.033819;0.043684;0.028135;0.165110;0.145119;0.034799;0.178437;0.157466;0.129331;0.154004;0.080704;0.175736;0.201411;0.035300;0.079963;0.024934;0.093291;0.148821;0.173014;0.202151;0.230548;0.213758;0.112802;
10;0.019013;0.085247;0.046144;0.166891;0.055630;0.081685;0.096182;0.029576;0.169748;0.146551;0.157073;0.127457;0.023942;0.134498;0.171902;0.052895;0.111342;0.097631;0.036699;0.123232;0.030280;0.050701;0.148000;0.193440;0.139882;0.139137;0.196961;0.108485;0.071826;0.106331;0.136693;0.087481;0.050038;0.110929;0.186771;0.105749;0.083507;0.099330;0.174346;0.099039;0.133794;0.085206;0.143030;0.195262;0.182546;0.118343;0.002817;0.187021;0.008450;0.150695;0.058819;0.202263;0.167758;0.184536;0.085206;0.169376;0.157405;0.057743;0.134498;0.168753;0.132508;0.104923;0.033096;0.114450;
10;0.224558;0.196936;0.194391;0.020940;0.074784;0.046366;0.147325;0.189952;0.112876;0.138653;0.054942;0.151064;0.155551;0.125638;0.044473;0.133466;0.104698;0.005983;0.177589;0.143586;0.070249;0.141644;0.094880;0.109487;0.134612;0.032157;0.038888;0.146879;0.162934;0.205561;0.129679;0.028768;0.036644;0.031759;0.157349;0.209650;0.066112;0.160738;0.143586;0.044123;0.138303;0.084410;0.066414;0.205910;0.142790;0.079271;0.040383;0.109185;0.178638;0.200676;0.077679;0.111031;0.038140;0.059080;0.018696;0.028418;0.203317;0.149870;0.153658;0.112924;0.029166;0.006731;0.129377;0.008226;
13;0.093553;0.141206;0.050276;0.221678;0.180911;0.143972;0.030768;0.002627;0.172978;0.182454;0.175815;0.157926;0.112294;0.058121;0.058127;0.124750;0.075854;0.185452;0.178413;0.119305;0.041021;0.020510;0.176631;0.196841;0.182790;0.046026;0.178650;0.000760;0.044819;0.068750;0.098238;0.022112;0.082420;0.038180;0.039124;0.016712;0.055796;0.166449;0.175240;0.173059;0.186536;0.099901;0.058115;0.086222;0.178632;0.127181;0.175246;0.106675;0.130919;0.000765;0.011406;0.099072;0.164170;0.028618;0.139183;0.156261;0.193268;0.082041;0.046350;0.199247;0.025922;0.157942;0.039392;0.098035;
20;0.153118;0.179035;0.050776;0.184330;0.137295;0.216812;0.136055;0.023627;0.204784;0.013347;0.075596;0.033293;0.015659;0.157554;0.019026;0.055377;0.201515;0.149474;0.028796;0.052663;0.137334;0.158065;0.098542;0.151437;0.116880;0.064237;0.144718;0.016244;0.129496;0.117000;0.166617;0.182453;0.115663;0.030273;0.083945;0.127849;0.109673;0.114331;0.193437;0.226263;0.014767;0.108538;0.026637;0.237807;0.191550;0.066348;0.119041;0.061560;0.101439;0.069405;0.045010;0.166913;0.167626;0.038395;0.054638;0.019849;0.125406;0.092539;0.159256;0.143740;0.191543;0.018047;0.007211;0.083674;
550;0.354876;0.314449;0.253376;0.188660;0.137400;0.099960;0.092870;0.086135;0.304827;0.259572;0.200188;0.144175;0.099519;0.070817;0.072143;0.065525;0.251473;0.209441;0.154755;0.116488;0.084642;0.071610;0.072823;0.068620;0.180924;0.146157;0.105125;0.083199;0.067610;0.058310;0.063088;0.065083;0.121371;0.085120;0.069317;0.049822;0.052397;0.047968;0.054008;0.058106;0.096729;0.066211;0.058094;0.038568;0.039891;0.035560;0.047688;0.055387;0.096470;0.066930;0.055173;0.040189;0.037505;0.038937;0.046236;0.066693;0.105503;0.068510;0.061189;0.051030;0.047442;0.049820;0.057109;0.064769;
10;0.060423;0.051129;0.179776;0.017157;0.000000;0.064536;0.124212;0.038044;0.088023;0.195482;0.110060;0.004476;0.066390;0.107459;0.020907;0.121591;0.016411;0.205563;0.172358;0.104455;0.189535;0.206713;0.173508;0.028388;0.082801;0.186510;0.063810;0.146995;0.197741;0.165665;0.076533;0.138064;0.079817;0.003367;0.067882;0.095887;0.173124;0.182801;0.154838;0.076129;0.025746;0.002984;0.015665;0.126813;0.143265;0.104113;0.090665;0.093649;0.165665;0.161127;0.034314;0.143970;0.136914;0.119011;0.190986;0.064556;0.217540;0.175300;0.044011;0.030584;0.185785;0.148124;0.043670;0.180180;
10;0.117803;0.102681;0.110673;0.128617;0.059019;0.236079;0.172125;0.187163;0.020698;0.156361;0.165772;0.203113;0.195578;0.182585;0.027187;0.201189;0.052988;0.108544;0.174677;0.241334;0.109185;0.080732;0.009935;0.015731;0.102562;0.157189;0.116688;0.031749;0.000828;0.131642;0.035601;0.089417;0.060405;0.099707;0.026426;0.081138;0.020698;0.113427;0.095145;0.018147;0.203334;0.081070;0.123852;0.011321;0.032087;0.099217;0.018079;0.086663;0.034773;0.083486;0.211546;0.176638;0.126336;0.146274;0.035263;0.141864;0.148201;0.206156;0.083419;0.052650;0.151107;0.130408;0.183396;0.041887;
10;0.105503;0.096593;0.171935;0.020617;0.015653;0.069229;0.192549;0.081701;0.057269;0.008907;0.021125;0.149791;0.180970;0.104862;0.212275;0.122810;0.069487;0.120136;0.183514;0.028634;0.079920;0.212019;0.082083;0.101558;0.173716;0.136554;0.058031;0.191914;0.138334;0.191148;0.025452;0.151955;0.041869;0.021508;0.094430;0.167987;0.189748;0.184151;0.018326;0.066432;0.043142;0.041998;0.194333;0.209348;0.145206;0.110721;0.016799;0.145082;0.152718;0.061087;0.062359;0.200821;0.068848;0.025962;0.105630;0.207313;0.086286;0.052178;0.086538;0.206676;0.054342;0.014508;0.018834;0.177277;
17;0.040742;0.115707;0.088773;0.160220;0.200093;0.199476;0.091440;0.147315;0.073703;0.172571;0.130396;0.120818;0.162642;0.143865;0.063986;0.147706;0.028214;0.182141;0.108246;0.087456;0.067387;0.129304;0.038393;0.178992;0.116682;0.112241;0.064373;0.059959;0.031421;0.003927;0.161309;0.040590;0.162674;0.128068;0.011009;0.125971;0.041744;0.136011;0.013653;0.095170;0.232276;0.204757;0.147734;0.089936;0.099068;0.081853;0.093493;0.089415;0.159612;0.180638;0.103640;0.133638;0.107677;0.154117;0.084817;0.092197;0.107936;0.071867;0.107721;0.182966;0.200344;0.070056;0.191375;0.047007;
1538;0.086013;0.086619;0.101243;0.112712;0.129747;0.148362;0.168290;0.174730;0.083975;0.086862;0.100037;0.112016;0.130315;0.148559;0.169192;0.177100;0.081151;0.083768;0.097507;0.109974;0.127786;0.147182;0.168159;0.176984;0.079530;0.080225;0.093970;0.108165;0.125971;0.144973;0.166097;0.174023;0.075416;0.077775;0.090884;0.102698;0.122549;0.143566;0.162930;0.168940;0.074898;0.076229;0.088181;0.101076;0.121447;0.142879;0.161231;0.167149;0.073776;0.075094;0.085996;0.098187;0.118521;0.140238;0.159817;0.164154;0.075575;0.077397;0.087109;0.099568;0.117720;0.137921;0.157812;0.162259;
18;0.202702;0.059104;0.172386;0.164944;0.194347;0.156814;0.168699;0.212169;0.136155;0.142976;0.166173;0.142816;0.075709;0.185937;0.197175;0.190824;0.149604;0.080221;0.143969;0.018623;0.127531;0.087660;0.079280;0.006566;0.036064;0.002149;0.012176;0.087384;0.019590;0.059952;0.109494;0.022204;0.096946;0.119616;0.024633;0.138955;0.054251;0.047524;0.018157;0.131792;0.130323;0.091925;0.172423;0.016438;0.189028;0.197128;0.102491;0.060882;0.073393;0.017990;0.093157;0.062715;0.115689;0.092805;0.061039;0.080592;0.154163;0.067216;0.140711;0.076629;0.203193;0.206996;0.176542;0.154273;
20;0.037811;0.127736;0.020303;0.155810;0.157580;0.079170;0.141536;0.124402;0.054648;0.154660;0.057468;0.135486;0.096100;0.134202;0.021457;0.181579;0.149143;0.046575;0.099821;0.014481;0.152022;0.158340;0.138849;0.159977;0.081659;0.047578;0.117794;0.102159;0.005721;0.040765;0.081542;0.052926;0.023004;0.035907;0.141213;0.013009;0.022170;0.111897;0.148825;0.195254;0.165323;0.034844;0.144184;0.074877;0.020643;0.200083;0.196860;0.149786;0.081360;0.116702;0.119725;0.202938;0.066406;0.196515;0.168527;0.039880;0.055139;0.112413;0.192881;0.233573;0.225757;0.217313;0.057984;0.010728;
20;0.050507;0.064103;0.124694;0.017565;0.099953;0.133806;0.099512;0.159735;0.020888;0.031692;0.146065;0.143640;0.014684;0.082110;0.066984;0.084360;0.036839;0.187477;0.220298;0.098295;0.114263;0.026009;0.060493;0.030064;0.201050;0.224317;0.159356;0.170499;0.188980;0.131167;0.052303;0.059002;0.204183;0.180808;0.182450;0.183698;0.184656;0.022861;0.141037;0.188716;0.041955;0.085728;0.123194;0.070058;0.031415;0.100208;0.151035;0.195933;0.131129;0.014079;0.044215;0.131177;0.087507;0.150626;0.174611;0.196157;0.121235;0.167773;0.018652;0.022431;0.076187;0.092297;0.073304;0.051417;
10;0.064823;0.130576;0.061056;0.075146;0.087082;0.154889;0.157117;0.046819;0.102249;0.100831;0.077495;0.093933;0.038771;0.093980;0.190555;0.215310;0.041119;0.097479;0.052299;0.156555;0.070376;0.156040;0.143442;0.224408;0.009099;0.174117;0.146941;0.087671;0.118125;0.171695;0.203568;0.158582;0.029745;0.056848;0.113208;0.095351;0.104035;0.203080;0.152761;0.195593;0.095499;0.114773;0.208633;0.193198;0.056286;0.062328;0.016853;0.177395;0.102544;0.010738;0.086667;0.033659;0.129158;0.190067;0.107093;0.032020;0.171916;0.186642;0.139039;0.029745;0.041487;0.041413;0.133072;0.046184;
20;0.231137;0.026165;0.112109;0.148859;0.141862;0.018498;0.152769;0.198226;0.195308;0.102030;0.097488;0.105737;0.107777;0.113983;0.031495;0.117150;0.063783;0.114487;0.077494;0.046745;0.099527;0.005999;0.101026;0.158730;0.176978;0.168480;0.021752;0.104735;0.018539;0.156104;0.206058;0.191897;0.181230;0.106489;0.022497;0.114732;0.045869;0.135359;0.197560;0.146150;0.034252;0.094237;0.061491;0.107234;0.056367;0.064785;0.143023;0.079822;0.140651;0.032037;0.131772;0.144898;0.174436;0.117234;0.024497;0.041036;0.098820;0.172725;0.120775;0.180106;0.195438;0.191226;0.057243;0.071781;
10;0.085200;0.122567;0.126592;0.218704;0.120956;0.045751;0.110629;0.005636;0.024819;0.109685;0.220786;0.172815;0.139473;0.076344;0.113849;0.123982;0.046695;0.108214;0.170066;0.186501;0.211930;0.057827;0.129146;0.006441;0.033008;0.088892;0.071041;0.222730;0.192608;0.129479;0.051053;0.034618;0.199660;0.064740;0.024486;0.064268;0.141888;0.095666;0.093722;0.133643;0.035424;0.137197;0.107409;0.160877;0.174092;0.187445;0.075206;0.038644;0.002415;0.026901;0.051053;0.026429;0.141083;0.160877;0.204823;0.027373;0.144776;0.179727;0.137724;0.226616;0.115987;0.046556;0.081646;0.053940;
10;0.023385;0.138260;0.205978;0.107699;0.039981;0.104101;0.092031;0.058753;0.186626;0.088666;0.193715;0.165784;0.015087;0.018859;0.020841;0.093927;0.124034;0.147312;0.172573;0.082892;0.171432;0.109855;0.017824;0.068559;0.207767;0.181712;0.022631;0.043666;0.178047;0.206239;0.029613;0.090523;0.035842;0.103347;0.113907;0.100997;0.141471;0.178521;0.060542;0.135029;0.062611;0.187834;0.007544;0.025281;0.175417;0.114595;0.115523;0.027157;0.077698;0.067138;0.040735;0.138240;0.182941;0.178608;0.193415;0.024246;0.058085;0.193308;0.145697;0.171238;0.055822;0.149556;0.183134;0.102418;
9997;0.068237;0.197713;0.169718;0.220459;0.104106;0.119853;0.040242;0.112854;0.125976;0.022746;0.195963;0.037618;0.162720;0.027995;0.094482;0.139974;0.029744;0.036743;0.080485;0.211710;0.003499;0.063863;0.050741;0.176717;0.098857;0.156596;0.011373;0.090108;0.124227;0.165344;0.042867;0.165344;0.037618;0.020121;0.007874;0.178467;0.183716;0.147847;0.124227;0.048116;0.130351;0.104106;0.198588;0.103231;0.084859;0.029744;0.069112;0.052490;0.173218;0.218709;0.104980;0.143473;0.154846;0.180216;0.067362;0.136474;0.051615;0.089233;0.174967;0.028870;0.061239;0.061239;0.195963;0.209086;
10;0.071023;0.004623;0.137742;0.120737;0.031473;0.007127;0.078537;0.053346;0.108105;0.075118;0.068273;0.188443;0.149033;0.091133;0.036305;0.122710;0.104506;0.025123;0.133651;0.053914;0.173834;0.011855;0.082242;0.196387;0.057969;0.160038;0.150869;0.170520;0.015559;0.120769;0.140746;0.216851;0.023323;0.148820;0.186397;0.002964;0.085946;0.184915;0.196951;0.108246;0.128815;0.031968;0.092474;0.187452;0.174224;0.112382;0.153410;0.041491;0.112092;0.081819;0.016300;0.184561;0.196246;0.126282;0.117878;0.174152;0.084646;0.096319;0.118547;0.207501;0.209619;0.128287;0.104469;0.015491;
10;0.108131;0.093306;0.022925;0.125960;0.140785;0.117074;0.119280;0.178523;0.147442;0.169654;0.046619;0.103674;0.160734;0.123686;0.157770;0.099963;0.004446;0.177794;0.156254;0.159207;0.209604;0.127385;0.025900;0.083696;0.142991;0.142238;0.102209;0.086665;0.108165;0.037773;0.018507;0.131870;0.157782;0.037014;0.185226;0.128929;0.128188;0.048899;0.128137;0.086620;0.161504;0.139280;0.008886;0.000000;0.022970;0.059266;0.065154;0.190350;0.085942;0.038525;0.087435;0.060019;0.070381;0.138533;0.186651;0.181447;0.171849;0.148896;0.130400;0.082248;0.134846;0.166685;0.151062;0.197731;
12;0.200507;0.173001;0.149445;0.031800;0.104690;0.003036;0.043263;0.018190;0.047058;0.052371;0.147247;0.101707;0.020493;0.011541;0.184594;0.019708;0.076789;0.019734;0.189751;0.021252;0.071346;0.044308;0.054934;0.091210;0.165904;0.161824;0.042504;0.129790;0.060247;0.149939;0.124710;0.066740;0.184068;0.020726;0.113221;0.060824;0.143056;0.185690;0.216076;0.128167;0.193909;0.152008;0.159468;0.147454;0.179409;0.092909;0.173234;0.046142;0.150516;0.199669;0.044859;0.135284;0.209296;0.167447;0.107908;0.125838;0.042031;0.035070;0.039416;0.154285;0.215394;0.135621;0.029601;0.125812;
10;0.006634;0.055556;0.192373;0.174989;0.131871;0.025705;0.014096;0.030680;0.121063;0.162522;0.143470;0.215634;0.115287;0.024047;0.126038;0.082090;0.168327;0.127696;0.198206;0.168370;0.101190;0.062194;0.025705;0.037323;0.126867;0.037323;0.106990;0.076315;0.115272;0.060541;0.130193;0.082138;0.017413;0.055556;0.155064;0.160035;0.032339;0.116097;0.174994;0.222286;0.044777;0.000829;0.122721;0.061360;0.037314;0.021578;0.175837;0.211502;0.155069;0.138476;0.000829;0.144280;0.152572;0.145976;0.229735;0.124403;0.198187;0.064682;0.038972;0.048923;0.089577;0.229744;0.083801;0.153401;
15;0.051929;0.129954;0.135074;0.063631;0.163832;0.023405;0.138233;0.187530;0.192854;0.020245;0.099469;0.130919;0.149935;0.009508;0.138964;0.192883;0.149936;0.033879;0.037799;0.178957;0.138936;0.010942;0.108949;0.182118;0.218572;0.107194;0.032124;0.054094;0.074573;0.117463;0.142272;0.123286;0.198882;0.111349;0.065591;0.006554;0.140398;0.198589;0.215149;0.194436;0.132822;0.086275;0.000731;0.047540;0.051169;0.132793;0.183728;0.215120;0.113337;0.065825;0.098006;0.054854;0.036336;0.093150;0.131330;0.202217;0.154587;0.155786;0.005851;0.063631;0.006583;0.111903;0.054065;0.018198;
10;0.039737;0.127159;0.124444;0.203495;0.118875;0.062134;0.154614;0.021675;0.181346;0.097325;0.155810;0.183776;0.043225;0.048918;0.100427;0.117044;0.045517;0.172975;0.140339;0.174084;0.143864;0.176587;0.111775;0.076161;0.087721;0.057376;0.174507;0.022061;0.011136;0.104126;0.192271;0.135704;0.117131;0.066768;0.058609;0.074504;0.174719;0.147775;0.152833;0.196182;0.194438;0.013304;0.112796;0.127458;0.113519;0.100302;0.031877;0.123335;0.194949;0.086064;0.131793;0.017639;0.171617;0.155212;0.104338;0.067914;0.081218;0.104338;0.097537;0.092778;0.201240;0.186279;0.015172;0.058522;
10;0.107224;0.151971;0.228107;0.220785;0.138462;0.072731;0.073545;0.187127;0.176058;0.051899;0.164497;0.026186;0.138140;0.103326;0.034985;0.019526;0.017407;0.102342;0.133580;0.225024;0.115038;0.117971;0.021153;0.037425;0.060849;0.069798;0.229413;0.216396;0.009271;0.150515;0.101699;0.088190;0.145784;0.020661;0.022439;0.134715;0.133259;0.030424;0.148074;0.216245;0.067679;0.009271;0.127393;0.107053;0.125936;0.051578;0.120733;0.105767;0.139938;0.061020;0.189397;0.158480;0.186634;0.078105;0.021967;0.128548;0.155226;0.074851;0.193786;0.106239;0.027662;0.067528;0.112276;0.082173;
10;0.157132;0.198026;0.146710;0.101123;0.125778;0.155126;0.021229;0.201066;0.041808;0.153650;0.058873;0.010334;0.195899;0.132156;0.099382;0.122087;0.124213;0.205319;0.042811;0.060526;0.029822;0.155688;0.152350;0.106675;0.184739;0.171453;0.053883;0.053145;0.147360;0.112138;0.203192;0.125866;0.127077;0.094777;0.089963;0.134339;0.184531;0.040717;0.144054;0.005817;0.161119;0.117835;0.184354;0.112195;0.098909;0.142281;0.182525;0.077415;0.065340;0.113494;0.086834;0.023620;0.155006;0.035430;0.167851;0.153441;0.110454;0.111368;0.134900;0.014762;0.009596;0.081194;0.121349;0.019015;
45;0.124015;0.108212;0.138904;0.106779;0.064851;0.083876;0.111060;0.178129;0.120988;0.092272;0.116786;0.154015;0.067220;0.060967;0.166532;0.165493;0.014826;0.054761;0.090272;0.145592;0.062638;0.069621;0.111450;0.046733;0.046105;0.100624;0.058415;0.188842;0.099591;0.047740;0.036986;0.042819;0.118552;0.067295;0.080754;0.155515;0.107147;0.020548;0.071416;0.087470;0.034254;0.037108;0.147801;0.188120;0.019303;0.096896;0.022523;0.193746;0.027034;0.021751;0.090799;0.167006;0.011602;0.071947;0.158809;0.254420;0.194311;0.160065;0.185057;0.199701;0.130450;0.125206;0.249415;0.306329;
10;0.196959;0.121832;0.166042;0.016647;0.016647;0.019389;0.073230;0.135673;0.127017;0.147017;0.144821;0.033294;0.105614;0.156465;0.148967;0.039025;0.077687;0.025731;0.018961;0.193359;0.138415;0.181222;0.125432;0.030916;0.199519;0.162872;0.201897;0.119636;0.144146;0.144575;0.140311;0.037258;0.157440;0.105185;0.146224;0.049695;0.141832;0.123236;0.068174;0.010305;0.180247;0.117505;0.045367;0.192384;0.130370;0.009513;0.091163;0.046524;0.118908;0.187446;0.183054;0.094815;0.028109;0.036465;0.122872;0.120000;0.037258;0.002378;0.095244;0.212930;0.197141;0.058661;0.003964;0.208356;
10;0.197311;0.167983;0.053903;0.069820;0.164827;0.204700;0.108051;0.133199;0.073182;0.175945;0.081840;0.040530;0.116953;0.188332;0.130532;0.075727;0.083972;0.090659;0.130409;0.121179;0.176434;0.125320;0.201460;0.039751;0.138410;0.122164;0.183204;0.209827;0.105957;0.165522;0.078638;0.018378;0.162122;0.093532;0.112605;0.200474;0.197028;0.043358;0.084545;0.108135;0.051442;0.113797;0.163719;0.058946;0.175616;0.060918;0.107027;0.040324;0.062354;0.104444;0.140214;0.025515;0.106782;0.094311;0.029618;0.140871;0.050457;0.083399;0.200558;0.009475;0.074825;0.134062;0.141856;0.081512;
10;0.208911;0.113490;0.039572;0.036832;0.072722;0.004283;0.109640;0.098847;0.183814;0.164970;0.022868;0.061415;0.107670;0.002570;0.086341;0.191440;0.178334;0.030489;0.034345;0.125057;0.224504;0.112809;0.136535;0.109038;0.056018;0.037515;0.029121;0.036317;0.107240;0.050108;0.033406;0.185274;0.086513;0.175338;0.043341;0.198635;0.103469;0.098330;0.194267;0.083770;0.119662;0.063642;0.163430;0.101329;0.161971;0.138417;0.017215;0.103986;0.018415;0.069208;0.154264;0.218420;0.119915;0.060129;0.101075;0.019701;0.056703;0.085481;0.240689;0.201030;0.198973;0.133876;0.188612;0.171309;
10;0.115219;0.013928;0.057393;0.094780;0.134125;0.189600;0.189649;0.080656;0.157869;0.115170;0.085062;0.099374;0.150207;0.169210;0.083193;0.094780;0.072807;0.157918;0.076446;0.184052;0.141590;0.162177;0.182380;0.068213;0.108039;0.016466;0.168255;0.179311;0.071321;0.087600;0.133554;0.157534;0.105069;0.083479;0.120384;0.175387;0.009334;0.017233;0.010387;0.209273;0.160928;0.107745;0.065765;0.027187;0.158685;0.078983;0.047675;0.213197;0.045374;0.125459;0.101862;0.022977;0.101242;0.132354;0.176056;0.159541;0.157721;0.152842;0.141452;0.046672;0.100092;0.197066;0.101666;0.040112;
10;0.208361;0.187752;0.137415;0.141287;0.054215;0.093725;0.216116;0.136789;0.095745;0.164050;0.163748;0.078855;0.169616;0.076378;0.204498;0.134614;0.173503;0.163589;0.048193;0.019675;0.110754;0.169174;0.184520;0.040274;0.073747;0.103331;0.185746;0.123146;0.002324;0.182971;0.102736;0.042598;0.127495;0.048809;0.043392;0.018588;0.040274;0.223409;0.111251;0.061960;0.017983;0.136948;0.146555;0.099911;0.012094;0.221245;0.181720;0.147930;0.077465;0.030534;0.131526;0.029431;0.117283;0.137907;0.037807;0.072187;0.088000;0.011325;0.039976;0.089068;0.122709;0.113738;0.024943;0.200606;
50;0.173175;0.035428;0.019957;0.048460;0.163746;0.103900;0.178346;0.177918;0.028694;0.026069;0.030534;0.149230;0.098715;0.073736;0.035412;0.089276;0.052973;0.113848;0.183100;0.189637;0.149688;0.123343;0.119704;0.068248;0.081126;0.160082;0.220732;0.169455;0.168915;0.174096;0.116489;0.101957;0.130357;0.213638;0.140696;0.123430;0.067579;0.065723;0.085594;0.059298;0.170911;0.168506;0.085332;0.085436;0.016314;0.082646;0.161804;0.146052;0.093264;0.084324;0.133567;0.051923;0.055189;0.051311;0.158384;0.151399;0.099050;0.128176;0.058813;0.024447;0.050502;0.169343;0.223738;0.188980;
10;0.188004;0.044529;0.023525;0.158413;0.147122;0.080656;0.155801;0.182594;0.009800;0.045369;0.038648;0.189874;0.123034;0.069734;0.006066;0.145626;0.176712;0.184182;0.041353;0.107255;0.155237;0.091108;0.102122;0.115842;0.039299;0.144975;0.047890;0.075615;0.008494;0.050502;0.049847;0.135073;0.178577;0.056850;0.042101;0.138346;0.094750;0.110621;0.088869;0.207983;0.233091;0.059837;0.077291;0.240838;0.210873;0.092599;0.189126;0.096707;0.125084;0.017644;0.080656;0.092317;0.044709;0.113418;0.029775;0.175032;0.229731;0.114263;0.056291;0.149638;0.165790;0.131062;0.106974;0.091943;
10;0.199486;0.182828;0.032006;0.059860;0.006140;0.128477;0.049924;0.179573;0.113217;0.097416;0.139084;0.014581;0.171906;0.008442;0.156646;0.200883;0.185583;0.175695;0.080533;0.056427;0.015349;0.077511;0.139674;0.153124;0.035076;0.198177;0.170097;0.109154;0.072139;0.000767;0.009977;0.097012;0.077285;0.022434;0.202014;0.174071;0.176826;0.136378;0.142517;0.128251;0.087803;0.149513;0.084507;0.071687;0.124640;0.129560;0.106399;0.096423;0.173441;0.087803;0.029163;0.134302;0.144367;0.140393;0.196368;0.184630;0.003611;0.019727;0.049883;0.129697;0.038687;0.022749;0.209866;0.138268;
623;0.143711;0.155311;0.176228;0.189922;0.207894;0.233754;0.255827;0.260443;0.115920;0.126587;0.146913;0.159923;0.171737;0.190340;0.213900;0.219517;0.091326;0.095073;0.116188;0.128581;0.138147;0.151506;0.174528;0.185420;0.074067;0.075705;0.088059;0.101423;0.114565;0.124009;0.137096;0.147350;0.069446;0.069392;0.076810;0.080110;0.089151;0.093677;0.104522;0.110195;0.065339;0.063217;0.066461;0.064559;0.074476;0.074212;0.081330;0.087496;0.057216;0.059619;0.063596;0.060284;0.056467;0.053147;0.066220;0.076134;0.067849;0.066992;0.072568;0.065279;0.057753;0.050972;0.061703;0.071654;
10;0.021443;0.160452;0.010046;0.143880;0.139009;0.011831;0.027945;0.107648;0.119479;0.063718;0.137812;0.036665;0.085619;0.044365;0.121697;0.070831;0.196506;0.081898;0.087966;0.040209;0.059587;0.063437;0.143727;0.095384;0.187633;0.181131;0.055150;0.181437;0.142682;0.190438;0.087660;0.198138;0.202116;0.070959;0.106170;0.068307;0.196812;0.078201;0.137353;0.176542;0.028202;0.167517;0.063131;0.147577;0.067286;0.139009;0.186765;0.166343;0.103951;0.182176;0.066547;0.151579;0.043625;0.016267;0.048343;0.193091;0.185262;0.150205;0.114432;0.152447;0.022182;0.014049;0.156297;0.156707;
10;0.177140;0.207568;0.166722;0.176351;0.124261;0.193981;0.078608;0.147526;0.071371;0.015263;0.063345;0.054530;0.103389;0.025680;0.138710;0.185991;0.063381;0.161914;0.125051;0.152273;0.042473;0.024053;0.068955;0.145898;0.208418;0.048119;0.102612;0.028874;0.061706;0.072925;0.005610;0.111415;0.175561;0.035297;0.176338;0.038490;0.076932;0.167487;0.015226;0.086548;0.189173;0.177953;0.133076;0.055307;0.097767;0.026445;0.024078;0.064960;0.157105;0.088163;0.084156;0.158672;0.033658;0.042473;0.221276;0.201266;0.064146;0.068129;0.056096;0.157870;0.120206;0.174711;0.229314;0.175622;
10;0.127826;0.191899;0.154240;0.080008;0.101720;0.049342;0.108694;0.192350;0.027328;0.004098;0.173218;0.098375;0.040992;0.023983;0.173971;0.190523;0.133602;0.183246;0.111428;0.050552;0.169885;0.106114;0.217851;0.124333;0.151969;0.037042;0.109459;0.105515;0.056933;0.059358;0.098529;0.033400;0.033851;0.059204;0.114927;0.013664;0.140434;0.079854;0.101566;0.145748;0.140126;0.129801;0.062549;0.093370;0.175044;0.172459;0.102776;0.082736;0.044028;0.206773;0.137848;0.047064;0.200700;0.179291;0.087445;0.200397;0.098683;0.147865;0.200397;0.093370;0.177624;0.013510;0.100961;0.004555;
10;0.121431;0.096019;0.056944;0.126625;0.088476;0.078460;0.090239;0.070113;0.102357;0.216523;0.170523;0.100502;0.112188;0.049184;0.090579;0.099327;0.125202;0.170832;0.153798;0.001762;0.138743;0.124584;0.096669;0.049586;0.085972;0.183228;0.165577;0.210217;0.040065;0.187742;0.052678;0.008440;0.129840;0.108540;0.205456;0.128418;0.157508;0.053420;0.121307;0.043836;0.162516;0.000000;0.100007;0.222953;0.106314;0.162763;0.135250;0.107179;0.038983;0.062292;0.162980;0.141525;0.191575;0.029245;0.053605;0.107674;0.088476;0.093052;0.118618;0.147306;0.155962;0.067857;0.189906;0.161681;
10;0.160372;0.086258;0.244104;0.163988;0.073859;0.148878;0.195297;0.048877;0.227256;0.231775;0.082643;0.049456;0.147070;0.016269;0.018980;0.081090;0.198333;0.023894;0.053396;0.136224;0.164498;0.016269;0.013557;0.180767;0.059398;0.136224;0.031055;0.021692;0.071403;0.006327;0.203362;0.018980;0.103361;0.129248;0.196132;0.066884;0.037961;0.013557;0.055783;0.045841;0.059653;0.060881;0.075922;0.071403;0.039769;0.072052;0.084450;0.234232;0.076246;0.158820;0.016593;0.019884;0.096131;0.239585;0.216735;0.223710;0.188971;0.142551;0.033187;0.043708;0.098842;0.025632;0.150106;0.159469;
10;0.054693;0.075856;0.099540;0.091252;0.055373;0.048485;0.178407;0.126776;0.096447;0.101233;0.143973;0.120564;0.035767;0.194043;0.206350;0.111078;0.153625;0.141349;0.004650;0.070031;0.122756;0.197846;0.133857;0.023684;0.107004;0.193386;0.127727;0.020758;0.162601;0.118848;0.090023;0.154310;0.150920;0.090897;0.107793;0.184418;0.204684;0.088191;0.193440;0.025079;0.186385;0.019525;0.050943;0.155462;0.048052;0.094039;0.196037;0.188299;0.100715;0.043560;0.171782;0.150541;0.102930;0.085125;0.185976;0.100796;0.123220;0.071616;0.099540;0.094812;0.033583;0.035033;0.112392;0.139489;
10;0.083020;0.166809;0.148021;0.146144;0.074565;0.011531;0.140589;0.183553;0.072601;0.000000;0.018449;0.205845;0.202942;0.127521;0.011447;0.140932;0.215754;0.031859;0.015374;0.023061;0.124792;0.125732;0.189531;0.052786;0.214217;0.204308;0.080714;0.129911;0.177917;0.145463;0.093443;0.022806;0.048942;0.144862;0.110610;0.195251;0.124275;0.156309;0.083450;0.117015;0.035361;0.065172;0.128548;0.009993;0.020755;0.034679;0.046038;0.104118;0.170653;0.158269;0.133503;0.168947;0.132986;0.007687;0.031688;0.026992;0.126581;0.104544;0.072604;0.214986;0.176034;0.061497;0.106424;0.174328;
10;0.193889;0.072695;0.028957;0.079194;0.109714;0.090300;0.035175;0.010162;0.040647;0.096927;0.100567;0.199571;0.154980;0.167277;0.028140;0.192361;0.107870;0.181044;0.190564;0.061927;0.058252;0.013288;0.029703;0.193691;0.006253;0.140094;0.082320;0.045407;0.047682;0.110215;0.061752;0.215682;0.008668;0.053363;0.034160;0.018013;0.086427;0.046900;0.165714;0.204436;0.140432;0.090440;0.073209;0.165037;0.037730;0.085984;0.087547;0.177789;0.033005;0.110017;0.131869;0.122932;0.195732;0.020323;0.030485;0.212964;0.189817;0.194169;0.155424;0.218809;0.191859;0.190727;0.022668;0.125755;
20;0.164663;0.021428;0.087920;0.061921;0.131598;0.144758;0.136229;0.201898;0.077531;0.177406;0.032327;0.003463;0.039480;0.074803;0.207293;0.217318;0.061738;0.122783;0.091017;0.090136;0.079098;0.066494;0.093601;0.167805;0.060353;0.105052;0.173216;0.110094;0.165591;0.173574;0.143789;0.067462;0.039159;0.192464;0.196768;0.219762;0.201518;0.058042;0.069262;0.103202;0.156769;0.160647;0.075046;0.170028;0.186928;0.072821;0.108326;0.027983;0.131832;0.070787;0.085522;0.159544;0.076801;0.162264;0.164291;0.036988;0.054581;0.096275;0.023644;0.089356;0.186375;0.104179;0.001940;0.008450;
10;0.173072;0.120751;0.149720;0.156426;0.174333;0.060839;0.081366;0.073162;0.177148;0.159164;0.122249;0.037670;0.128459;0.140577;0.102239;0.018512;0.079965;0.166043;0.165385;0.134065;0.118691;0.150431;0.057939;0.079480;0.190732;0.098983;0.063631;0.010933;0.118367;0.174796;0.077733;0.054575;0.013995;0.073787;0.098530;0.084018;0.110314;0.116438;0.128319;0.188015;0.095134;0.052958;0.155487;0.179853;0.043891;0.100266;0.096698;0.176878;0.144739;0.124632;0.106605;0.073658;0.010890;0.135208;0.174183;0.190236;0.121990;0.038964;0.038425;0.154711;0.160943;0.151575;0.140977;0.207497;
10;0.088323;0.114738;0.045130;0.004590;0.067313;0.127078;0.208159;0.043601;0.124835;0.039776;0.024834;0.079348;0.020653;0.121927;0.198215;0.133861;0.100205;0.029832;0.036664;0.185263;0.139216;0.047782;0.052320;0.157574;0.193678;0.072463;0.097145;0.046660;0.158339;0.124835;0.178327;0.151403;0.060173;0.148395;0.077257;0.056604;0.163998;0.207955;0.048138;0.133657;0.175728;0.029067;0.054309;0.162877;0.163742;0.037021;0.073432;0.182816;0.106272;0.172412;0.138960;0.121367;0.035135;0.113973;0.008414;0.175167;0.217134;0.204844;0.141968;0.134626;0.072668;0.130037;0.049720;0.208516;
10;0.110488;0.169928;0.089104;0.182403;0.158424;0.108481;0.048646;0.110488;0.049345;0.070121;0.148837;0.195983;0.114064;0.189790;0.149638;0.078919;0.174113;0.080509;0.145836;0.141539;0.150935;0.166522;0.185606;0.093502;0.163725;0.139554;0.029664;0.019873;0.067628;0.106191;0.009486;0.112282;0.166815;0.108289;0.026472;0.167131;0.053146;0.121474;0.154634;0.190591;0.171203;0.030464;0.064831;0.008989;0.089904;0.145645;0.191291;0.089690;0.189790;0.090107;0.104195;0.015181;0.138753;0.075016;0.124869;0.125072;0.154138;0.066433;0.129967;0.106687;0.118271;0.006688;0.083216;0.172026;
10;0.217086;0.069272;0.088740;0.046706;0.027678;0.043247;0.132335;0.058815;0.229027;0.155249;0.177828;0.062275;0.079574;0.058815;0.120484;0.106297;0.100242;0.185264;0.074036;0.065993;0.057951;0.084415;0.191318;0.087178;0.090211;0.031654;0.100591;0.072913;0.162259;0.034765;0.237934;0.129727;0.041517;0.047571;0.096873;0.019029;0.222198;0.230240;0.199877;0.194081;0.057086;0.027678;0.140119;0.124550;0.125932;0.167707;0.152396;0.218131;0.215885;0.074384;0.096873;0.076979;0.193745;0.043247;0.013839;0.125415;0.028194;0.130605;0.093413;0.029408;0.078709;0.070060;0.152228;0.010379;
10;0.078060;0.063385;0.016299;0.047992;0.160461;0.170421;0.015394;0.017205;0.041933;0.046181;0.091456;0.155747;0.056421;0.134108;0.030787;0.127676;0.060948;0.194684;0.061574;0.103228;0.248481;0.061854;0.026260;0.017205;0.126957;0.055236;0.117716;0.164895;0.169795;0.089298;0.185722;0.038031;0.008150;0.134921;0.175668;0.078872;0.181846;0.255006;0.218413;0.011772;0.036220;0.003622;0.172046;0.137730;0.237894;0.246856;0.019109;0.067913;0.140354;0.154842;0.028071;0.074252;0.208918;0.110937;0.153124;0.062573;0.060669;0.041653;0.007244;0.095078;0.129860;0.205110;0.086116;0.116810;
12;0.199016;0.063638;0.126616;0.217180;0.026193;0.041811;0.146842;0.107840;0.132608;0.179601;0.083762;0.087116;0.224128;0.201646;0.203175;0.187818;0.086333;0.161607;0.135255;0.101796;0.166105;0.173070;0.067968;0.162698;0.033905;0.107389;0.138122;0.198455;0.134558;0.177415;0.211464;0.155178;0.016502;0.050899;0.062053;0.061271;0.047460;0.152352;0.026769;0.070962;0.207316;0.144221;0.097526;0.045636;0.057068;0.063460;0.075048;0.003404;0.130720;0.082202;0.092541;0.094886;0.032745;0.046728;0.099748;0.119015;0.100669;0.015685;0.146187;0.080520;0.043846;0.194790;0.089116;0.020688;
10;0.172716;0.022572;0.073754;0.106231;0.161642;0.192665;0.168314;0.025624;0.138287;0.006919;0.106268;0.176583;0.170480;0.134877;0.155073;0.134453;0.063784;0.131970;0.067083;0.141977;0.010432;0.177189;0.191030;0.183683;0.122247;0.092430;0.024598;0.146347;0.094984;0.133852;0.071839;0.163273;0.090939;0.172189;0.173680;0.007771;0.093954;0.054415;0.005963;0.042484;0.212219;0.064097;0.133774;0.208207;0.091430;0.144358;0.004897;0.146487;0.159011;0.108677;0.166819;0.190923;0.092888;0.088485;0.167214;0.102401;0.070068;0.084976;0.058142;0.097648;0.040997;0.116955;0.127102;0.042945;
10;0.094958;0.137475;0.143272;0.025671;0.161476;0.125041;0.043888;0.266711;0.060179;0.125054;0.072871;0.144087;0.137462;0.158992;0.094958;0.252063;0.041133;0.030639;0.139946;0.012421;0.169757;0.043888;0.141616;0.160675;0.083921;0.195156;0.209505;0.018218;0.050513;0.098542;0.174468;0.072328;0.186061;0.119258;0.097727;0.078953;0.024843;0.157349;0.207319;0.181092;0.070129;0.111533;0.079510;0.148240;0.057423;0.141059;0.227193;0.113461;0.203709;0.169757;0.112619;0.032295;0.027327;0.025671;0.104339;0.051626;0.007453;0.037264;0.050513;0.009937;0.091917;0.131665;0.086121;0.048857;
40;0.154950;0.173489;0.073032;0.123332;0.029820;0.014637;0.041492;0.141253;0.107032;0.156824;0.186996;0.077272;0.138359;0.078941;0.122262;0.125687;0.095350;0.036085;0.154756;0.184341;0.186850;0.187037;0.146012;0.203318;0.078941;0.089857;0.121033;0.182130;0.123172;0.141950;0.205229;0.198223;0.143743;0.083082;0.146369;0.064499;0.089511;0.048297;0.190743;0.157367;0.158256;0.054013;0.024866;0.063023;0.023316;0.083305;0.181083;0.178347;0.013208;0.102415;0.019094;0.101658;0.068771;0.112090;0.078595;0.090674;0.061372;0.003711;0.063069;0.078898;0.208971;0.180992;0.066653;0.111994;
11;0.153408;0.174414;0.124269;0.077591;0.092231;0.205818;0.198180;0.202707;0.014501;0.132969;0.181700;0.145701;0.061325;0.051634;0.129504;0.177456;0.035434;0.127097;0.209353;0.189835;0.158573;0.201926;0.143646;0.121438;0.081759;0.083458;0.210060;0.043076;0.183608;0.100362;0.052267;0.028008;0.038758;0.074405;0.176817;0.145697;0.109202;0.052267;0.029069;0.173139;0.131763;0.050993;0.075253;0.191455;0.056086;0.016338;0.099088;0.096685;0.174905;0.098026;0.043992;0.144776;0.160336;0.077799;0.020511;0.033668;0.207580;0.014004;0.105806;0.027654;0.085225;0.077021;0.033243;0.072073;
10;0.068073;0.079848;0.178924;0.211184;0.170031;0.079220;0.064607;0.017982;0.160801;0.080617;0.042161;0.126288;0.067401;0.045378;0.079989;0.090757;0.159599;0.170172;0.029996;0.203678;0.183972;0.107298;0.119215;0.088450;0.041153;0.194112;0.076913;0.186129;0.163780;0.191230;0.029660;0.043071;0.134792;0.211899;0.065137;0.173054;0.086142;0.052257;0.174981;0.036918;0.023604;0.025673;0.016249;0.114600;0.035380;0.074464;0.126721;0.189454;0.043504;0.137674;0.149980;0.064607;0.064607;0.120514;0.157291;0.212527;0.048455;0.082297;0.114600;0.025381;0.110516;0.178632;0.180940;0.206082;
10;0.048934;0.041290;0.141664;0.113000;0.179424;0.141182;0.160362;0.169059;0.175347;0.089742;0.052226;0.041653;0.203676;0.197663;0.113905;0.090980;0.008185;0.144385;0.153326;0.060411;0.224184;0.108070;0.029145;0.017127;0.102791;0.121245;0.168970;0.040926;0.085842;0.196759;0.188937;0.044522;0.070198;0.176792;0.223732;0.064185;0.159458;0.061167;0.120793;0.157189;0.151480;0.148218;0.060077;0.065245;0.016311;0.030176;0.068174;0.048719;0.098075;0.132240;0.002447;0.070139;0.057905;0.143599;0.073490;0.027003;0.204217;0.165708;0.150064;0.079110;0.075514;0.203254;0.167732;0.078324;
20;0.144222;0.129827;0.015092;0.096914;0.018122;0.077368;0.066913;0.033457;0.191713;0.126342;0.038820;0.168039;0.132432;0.034851;0.007667;0.004182;0.217230;0.127464;0.112402;0.085520;0.118220;0.125160;0.003485;0.086429;0.213048;0.165103;0.113524;0.101279;0.109253;0.137435;0.121403;0.151677;0.203409;0.097067;0.092188;0.046186;0.209711;0.173768;0.120098;0.115916;0.168830;0.114068;0.178890;0.146254;0.051762;0.122160;0.138918;0.157435;0.138705;0.141553;0.041153;0.061461;0.076429;0.200225;0.096370;0.152828;0.055064;0.048123;0.052276;0.027609;0.178257;0.165646;0.072766;0.194743;
10;0.041585;0.201271;0.152072;0.162884;0.089565;0.084833;0.077348;0.207925;0.027446;0.033268;0.051307;0.189111;0.166784;0.132943;0.054892;0.044080;0.224042;0.022069;0.144199;0.141575;0.062693;0.113685;0.021366;0.030773;0.236260;0.142536;0.220587;0.183992;0.143368;0.193399;0.169279;0.070436;0.143239;0.206448;0.030830;0.129931;0.120912;0.119377;0.092634;0.025395;0.145734;0.123407;0.083743;0.123665;0.059753;0.186172;0.085407;0.167616;0.140299;0.103962;0.052397;0.010812;0.013307;0.073190;0.056556;0.182328;0.112853;0.014971;0.018297;0.002495;0.042417;0.029941;0.035634;0.221160;
11;0.020311;0.028903;0.182795;0.191387;0.112793;0.146688;0.111058;0.028188;0.051081;0.150290;0.096084;0.064056;0.030293;0.168627;0.141590;0.166588;0.198311;0.070980;0.206600;0.170123;0.174029;0.094654;0.215259;0.213458;0.141524;0.163159;0.106133;0.081374;0.120671;0.122472;0.054748;0.016471;0.077706;0.132997;0.068703;0.174161;0.110820;0.035219;0.018748;0.037258;0.113098;0.210029;0.093939;0.125662;0.134970;0.038277;0.018748;0.023501;0.190368;0.070306;0.002344;0.024216;0.078117;0.038277;0.146926;0.211485;0.122233;0.191453;0.012022;0.092960;0.072649;0.153414;0.095978;0.175921;
10;0.093079;0.101340;0.219147;0.170712;0.185347;0.164973;0.050383;0.116423;0.159057;0.100026;0.116168;0.014626;0.154006;0.127452;0.180242;0.118063;0.068050;0.108224;0.116423;0.048999;0.031782;0.064453;0.147579;0.043454;0.111945;0.018037;0.005739;0.136982;0.136727;0.118566;0.052472;0.163156;0.000820;0.036895;0.080348;0.023777;0.177906;0.187868;0.108471;0.092647;0.029639;0.112324;0.085268;0.069690;0.057445;0.238066;0.148011;0.155143;0.023645;0.155963;0.129162;0.088609;0.190645;0.176645;0.057260;0.197204;0.130106;0.006304;0.148081;0.037962;0.163148;0.088292;0.148646;0.229550;
10;0.072145;0.170206;0.029418;0.118010;0.164468;0.188956;0.142835;0.033621;0.028718;0.056735;0.126779;0.021296;0.144546;0.115828;0.055254;0.095596;0.080550;0.163902;0.028664;0.171863;0.147038;0.181359;0.152978;0.197415;0.086854;0.021013;0.181022;0.166286;0.065450;0.138996;0.194614;0.129783;0.124260;0.155133;0.042026;0.072818;0.118320;0.175028;0.179204;0.145947;0.166933;0.180349;0.066541;0.011907;0.040572;0.127735;0.121095;0.085063;0.196715;0.039561;0.184161;0.046512;0.082571;0.071054;0.051132;0.103665;0.112407;0.060547;0.146620;0.179541;0.137932;0.091757;0.053233;0.144990;
103306;0.124998;0.124998;0.124998;0.124998;0.124998;0.124998;0.124998;0.124998;0.124998;0.124998;0.124998;0.124998;0.124998;0.124998;0.124998;0.124998;0.124998;0.124998;0.124998;0.124998;0.124998;0.124998;0.124998;0.124998;0.125000;0.125000;0.125000;0.125000;0.125000;0.125000;0.125000;0.125000;0.125001;0.125001;0.125001;0.125001;0.125001;0.125001;0.125001;0.125001;0.125001;0.125001;0.125001;0.125001;0.125001;0.125001;0.125001;0.125001;0.125001;0.125001;0.125001;0.125001;0.125001;0.125001;0.125001;0.125001;0.125001;0.125001;0.125001;0.125001;0.125001;0.125001;0.125001;0.125001;
10;0.028195;0.071171;0.178729;0.023128;0.084164;0.046733;0.008471;0.021072;0.186368;0.131623;0.063694;0.108266;0.085741;0.167954;0.056303;0.062967;0.153317;0.145926;0.040318;0.145926;0.072289;0.071438;0.156931;0.046131;0.062365;0.166501;0.124214;0.106527;0.187908;0.183319;0.150391;0.184188;0.135610;0.183443;0.166482;0.077710;0.197727;0.190833;0.116967;0.064277;0.189858;0.116967;0.022525;0.024705;0.063216;0.053646;0.166501;0.118401;0.048789;0.069383;0.059583;0.101000;0.038014;0.103390;0.194199;0.189944;0.010173;0.131145;0.043597;0.160440;0.169972;0.191876;0.203129;0.123803;
32;0.223323;0.170989;0.103805;0.151892;0.024967;0.159597;0.139182;0.071959;0.205993;0.072077;0.047306;0.111144;0.089316;0.169000;0.140604;0.108528;0.072201;0.076744;0.118831;0.153550;0.118042;0.195023;0.193775;0.166718;0.029962;0.070990;0.042513;0.148940;0.160555;0.173916;0.090153;0.152436;0.087231;0.068072;0.093207;0.008786;0.043405;0.103155;0.062139;0.047321;0.087236;0.014461;0.063254;0.068436;0.023010;0.126785;0.072036;0.065553;0.164151;0.125271;0.154815;0.087308;0.156912;0.136889;0.057048;0.050565;0.160318;0.195999;0.180783;0.195824;0.163608;0.153568;0.056032;0.168522;
32;0.021311;0.100246;0.016690;0.142326;0.195151;0.172965;0.043930;0.160530;0.056836;0.098971;0.118339;0.060181;0.116864;0.076163;0.045317;0.126606;0.049180;0.007732;0.048927;0.103505;0.113504;0.117463;0.018044;0.061806;0.127800;0.039194;0.041567;0.186782;0.202423;0.116567;0.062780;0.169093;0.048368;0.033982;0.089872;0.177121;0.181887;0.097995;0.082962;0.109957;0.068150;0.009455;0.090388;0.214774;0.178235;0.121536;0.061202;0.134884;0.132164;0.025031;0.064450;0.209970;0.170917;0.109205;0.058977;0.153800;0.096048;0.157727;0.077084;0.184090;0.137536;0.204690;0.214811;0.263563;
10;0.222258;0.109459;0.015874;0.037597;0.144543;0.132848;0.017557;0.156249;0.076042;0.080214;0.152896;0.094411;0.031749;0.130340;0.125333;0.132853;0.187162;0.039271;0.010861;0.069346;0.102766;0.040104;0.077701;0.005015;0.203041;0.080214;0.132844;0.178796;0.121982;0.011697;0.200519;0.020052;0.153759;0.223100;0.181319;0.147887;0.161251;0.052636;0.065169;0.035926;0.228946;0.222262;0.176303;0.066849;0.191331;0.033420;0.000835;0.000835;0.101935;0.197182;0.172112;0.024229;0.050965;0.008355;0.150396;0.137864;0.177965;0.015043;0.187151;0.105272;0.050130;0.053472;0.031758;0.139535;
10;0.164569;0.148152;0.130854;0.157434;0.162806;0.129091;0.056387;0.060196;0.145707;0.092547;0.195740;0.046323;0.036061;0.009481;0.071141;0.015635;0.016417;0.133682;0.181569;0.136127;0.028925;0.157135;0.068795;0.011726;0.068014;0.064887;0.197105;0.024334;0.065668;0.013290;0.128991;0.099284;0.154790;0.039870;0.100166;0.054823;0.096939;0.060196;0.073486;0.076613;0.154008;0.164171;0.174533;0.154207;0.077494;0.118928;0.076613;0.161143;0.115701;0.166516;0.190268;0.123818;0.140917;0.212157;0.134663;0.148834;0.037525;0.118828;0.142481;0.193494;0.182450;0.107500;0.166815;0.198285;
10;0.011578;0.095933;0.024401;0.082154;0.127776;0.214612;0.013232;0.007443;0.019021;0.076085;0.007860;0.093732;0.128330;0.176570;0.105584;0.000827;0.037906;0.008824;0.090561;0.041768;0.020819;0.142526;0.068505;0.062852;0.057063;0.043004;0.142799;0.181668;0.125432;0.113027;0.020539;0.194073;0.158785;0.001654;0.193800;0.114271;0.155621;0.039704;0.144870;0.205796;0.062997;0.209240;0.079681;0.197806;0.200424;0.160037;0.149559;0.212412;0.034742;0.125576;0.190363;0.228959;0.173823;0.046593;0.014886;0.109165;0.086016;0.088361;0.170925;0.157556;0.222609;0.072777;0.077739;0.095933;
20;0.156546;0.063703;0.064352;0.112047;0.190315;0.097053;0.217922;0.141499;0.105402;0.181992;0.086819;0.090054;0.147001;0.204204;0.181516;0.203722;0.207481;0.097271;0.161369;0.059729;0.211838;0.170177;0.211359;0.118967;0.135211;0.152609;0.202616;0.019705;0.064140;0.025721;0.112769;0.047238;0.150482;0.011124;0.003484;0.123641;0.097237;0.070150;0.069455;0.020834;0.001389;0.086586;0.018532;0.022685;0.057872;0.006010;0.037959;0.133807;0.132452;0.148200;0.106281;0.123401;0.089813;0.053240;0.064358;0.020139;0.125975;0.132245;0.185714;0.160458;0.179875;0.115517;0.039822;0.123641;
11;0.047467;0.122822;0.112083;0.034709;0.057686;0.131018;0.184808;0.156098;0.092292;0.157841;0.192412;0.020243;0.133390;0.086113;0.163472;0.130057;0.165275;0.076205;0.085423;0.123902;0.137959;0.088752;0.149025;0.079149;0.052541;0.161358;0.118035;0.106758;0.147320;0.110811;0.052092;0.134507;0.078430;0.071028;0.074207;0.085708;0.164806;0.168807;0.044102;0.091994;0.011542;0.208474;0.214387;0.126317;0.164054;0.055222;0.054126;0.069013;0.077785;0.202264;0.198247;0.200746;0.113261;0.060101;0.086018;0.005622;0.127788;0.187083;0.162144;0.178350;0.049377;0.018364;0.183107;0.025587;
20;0.061722;0.081381;0.107880;0.135206;0.139547;0.077950;0.106303;0.038084;0.080843;0.103202;0.191295;0.210749;0.038295;0.146124;0.185655;0.032334;0.037213;0.202679;0.224083;0.200771;0.044834;0.096037;0.052617;0.017351;0.189882;0.195853;0.198002;0.116033;0.161273;0.143888;0.025008;0.122077;0.152013;0.143112;0.093807;0.075714;0.088875;0.110565;0.040240;0.064414;0.165755;0.145920;0.158378;0.082710;0.123770;0.171248;0.137349;0.179366;0.148158;0.043052;0.087510;0.103612;0.107750;0.052737;0.115493;0.096330;0.057669;0.049261;0.161480;0.111888;0.105679;0.057044;0.104026;0.137930;
5331;0.083537;0.083340;0.083313;0.083259;0.083281;0.083096;0.083147;0.083236;0.093085;0.093047;0.092981;0.092926;0.092978;0.092877;0.092877;0.092920;0.104942;0.104848;0.104921;0.104898;0.104969;0.104838;0.104826;0.104876;0.119838;0.119710;0.119703;0.120020;0.120106;0.119909;0.119841;0.119873;0.144704;0.144600;0.144480;0.144417;0.144487;0.144301;0.144222;0.144167;0.145161;0.145077;0.145000;0.144862;0.144954;0.144753;0.144651;0.144547;0.145427;0.145343;0.145309;0.145183;0.145237;0.145134;0.145009;0.144849;0.145549;0.145510;0.145477;0.145346;0.145409;0.145259;0.145208;0.145010;
21;0.152382;0.088173;0.234973;0.222009;0.197485;0.150994;0.147843;0.078968;0.125850;0.098507;0.213470;0.195326;0.128742;0.091735;0.058206;0.049374;0.064569;0.155143;0.163805;0.057442;0.207490;0.084506;0.064744;0.017584;0.127611;0.061304;0.130597;0.160734;0.093189;0.019299;0.091436;0.081877;0.082918;0.154605;0.049548;0.126531;0.064767;0.068942;0.118045;0.057299;0.040408;0.144495;0.024958;0.117056;0.020613;0.078357;0.010404;0.099358;0.189978;0.096735;0.155071;0.146838;0.166078;0.071366;0.118308;0.107510;0.106882;0.157490;0.152293;0.021978;0.141852;0.135300;0.117225;0.210389;
10;0.177712;0.140774;0.080807;0.041989;0.111241;0.046563;0.021278;0.092203;0.163789;0.194351;0.067785;0.175209;0.160307;0.121864;0.138304;0.119155;0.165782;0.024569;0.145030;0.167997;0.167009;0.047520;0.029016;0.055138;0.090856;0.015994;0.086170;0.201332;0.120836;0.141851;0.095885;0.025477;0.080153;0.147540;0.209588;0.200487;0.111353;0.031207;0.050429;0.168802;0.173058;0.151796;0.185657;0.163526;0.117736;0.180676;0.135802;0.097877;0.000000;0.051074;0.151334;0.047520;0.017739;0.182939;0.132447;0.107424;0.148369;0.143532;0.082983;0.037590;0.065068;0.162881;0.038300;0.106778;
10;0.109207;0.174328;0.134352;0.040370;0.064119;0.180848;0.137584;0.137944;0.228582;0.167965;0.068015;0.144678;0.209619;0.119195;0.022285;0.159745;0.204833;0.010562;0.042746;0.004932;0.069873;0.045820;0.108903;0.137066;0.176490;0.036778;0.048500;0.101110;0.001644;0.022071;0.172808;0.017353;0.126380;0.128024;0.059491;0.124217;0.135726;0.132742;0.091336;0.094624;0.078093;0.127202;0.221398;0.101684;0.158833;0.009954;0.055684;0.145894;0.070695;0.197683;0.168573;0.200723;0.110727;0.080954;0.072733;0.090300;0.071517;0.128632;0.071269;0.179046;0.184710;0.095018;0.073037;0.165623;
10;0.040417;0.072586;0.100566;0.021381;0.211919;0.075821;0.187045;0.137555;0.043717;0.112178;0.191994;0.143393;0.060149;0.030455;0.165535;0.182096;0.056089;0.167313;0.177907;0.025376;0.127786;0.018971;0.185460;0.186916;0.079185;0.187110;0.166359;0.140029;0.133559;0.016432;0.130956;0.208362;0.154245;0.010658;0.196118;0.206016;0.131085;0.019732;0.084829;0.122643;0.149296;0.065162;0.094857;0.011548;0.106340;0.071632;0.140094;0.075885;0.074106;0.021446;0.136099;0.030519;0.089843;0.206777;0.156720;0.112178;0.105579;0.052790;0.009073;0.209509;0.010658;0.114330;0.115348;0.065987;
10;0.244260;0.061020;0.120444;0.000859;0.142668;0.181709;0.183550;0.049848;0.181892;0.005157;0.145612;0.010313;0.122041;0.014672;0.137938;0.111911;0.146655;0.135792;0.064702;0.026028;0.033701;0.055126;0.137877;0.220323;0.194535;0.060161;0.090242;0.159180;0.058992;0.192943;0.049232;0.186621;0.213626;0.194478;0.009454;0.039779;0.108656;0.051689;0.031799;0.099019;0.029155;0.017494;0.101903;0.117251;0.122900;0.089382;0.050707;0.234562;0.111235;0.107675;0.215349;0.155864;0.069615;0.013751;0.055925;0.177285;0.107675;0.060222;0.184841;0.102396;0.177106;0.066360;0.048495;0.115837;
20;0.152805;0.209356;0.108912;0.213424;0.183061;0.114139;0.055143;0.031724;0.022905;0.049177;0.132631;0.203797;0.138036;0.106205;0.136021;0.171395;0.067860;0.011072;0.009688;0.179699;0.146817;0.200898;0.210502;0.126464;0.071966;0.113484;0.001384;0.036591;0.143548;0.114425;0.047518;0.106504;0.129292;0.024219;0.056742;0.138419;0.161063;0.162386;0.096124;0.123242;0.058019;0.069198;0.046148;0.041935;0.078633;0.177847;0.142617;0.014555;0.006812;0.090220;0.162924;0.173935;0.161025;0.159809;0.050454;0.049738;0.096877;0.074542;0.202091;0.171859;0.058613;0.180676;0.167398;0.028180;
10;0.081398;0.043266;0.067465;0.019066;0.175728;0.157126;0.106796;0.033196;0.036666;0.099731;0.051332;0.157395;0.102861;0.017527;0.153728;0.084796;0.181863;0.038866;0.050795;0.127256;0.042192;0.175190;0.009998;0.002933;0.028599;0.156930;0.149524;0.203253;0.198853;0.180788;0.095796;0.035199;0.013933;0.114594;0.135591;0.157519;0.094453;0.153387;0.093596;0.019066;0.172061;0.122392;0.093059;0.159254;0.195920;0.207653;0.176926;0.040797;0.018994;0.060524;0.073993;0.160256;0.167589;0.197386;0.164191;0.150991;0.109460;0.036862;0.125325;0.091861;0.092863;0.102861;0.198584;0.202788;
25;0.033492;0.087043;0.041136;0.067781;0.065001;0.142734;0.182984;0.110913;0.150449;0.022730;0.021328;0.044031;0.060351;0.070553;0.171170;0.040948;0.171484;0.043856;0.109373;0.078431;0.026036;0.112091;0.017115;0.180976;0.141303;0.040384;0.099567;0.033561;0.021793;0.084547;0.104643;0.052882;0.022002;0.112617;0.029573;0.170167;0.205035;0.043333;0.045683;0.041433;0.030708;0.018015;0.132203;0.175132;0.226513;0.205784;0.170314;0.150171;0.038008;0.004425;0.173960;0.151204;0.211178;0.119776;0.207845;0.130581;0.030844;0.092490;0.200402;0.070529;0.226944;0.221317;0.200896;0.212456;
10;0.178308;0.014324;0.120161;0.204233;0.004961;0.016537;0.101703;0.027286;0.170306;0.089008;0.170039;0.143046;0.090394;0.075244;0.201753;0.048784;0.182976;0.101945;0.182976;0.129256;0.199246;0.126776;0.049611;0.000827;0.203648;0.166732;0.172253;0.179695;0.140006;0.039129;0.112719;0.116027;0.203673;0.095915;0.147180;0.023152;0.187696;0.044650;0.009922;0.174467;0.068629;0.174467;0.051265;0.057053;0.003307;0.041343;0.038862;0.098396;0.145527;0.114106;0.064495;0.001654;0.019845;0.039956;0.112719;0.077432;0.001654;0.013230;0.167852;0.151582;0.160944;0.177481;0.076872;0.241123;
20;0.031462;0.070129;0.055651;0.042107;0.012553;0.056043;0.043340;0.017361;0.053663;0.100460;0.018106;0.074277;0.005446;0.015978;0.182386;0.069341;0.087704;0.072171;0.143141;0.110033;0.133949;0.041062;0.089097;0.168895;0.096789;0.013041;0.073414;0.170471;0.127227;0.209485;0.073537;0.205105;0.143457;0.200615;0.201671;0.165352;0.200856;0.127548;0.120773;0.213949;0.164682;0.187628;0.126364;0.175568;0.025915;0.049782;0.207137;0.175926;0.141570;0.111260;0.107176;0.018256;0.129195;0.164420;0.193443;0.139018;0.180616;0.203380;0.109791;0.054574;0.015999;0.055362;0.051214;0.042868;
14;0.177730;0.210926;0.192621;0.146837;0.116940;0.130817;0.122797;0.024643;0.061544;0.181347;0.125043;0.039928;0.124726;0.021839;0.050314;0.123724;0.043094;0.129498;0.062065;0.039173;0.196093;0.030303;0.015875;0.096505;0.042650;0.090299;0.060415;0.097329;0.083307;0.030519;0.067217;0.019377;0.055771;0.066532;0.148646;0.062687;0.101453;0.174038;0.063918;0.001637;0.218502;0.200610;0.126699;0.119530;0.023095;0.009898;0.097012;0.016020;0.247625;0.086834;0.217119;0.111649;0.055193;0.194037;0.101758;0.124853;0.164089;0.244148;0.229466;0.078834;0.056399;0.179539;0.111237;0.164444;
10;0.169427;0.130271;0.021700;0.017208;0.097164;0.113063;0.143410;0.167426;0.184990;0.099568;0.201614;0.190012;0.182620;0.109968;0.051624;0.139167;0.170682;0.125920;0.134957;0.159947;0.107739;0.063172;0.172522;0.026104;0.159611;0.046937;0.042781;0.048193;0.043258;0.160336;0.164297;0.138194;0.117414;0.052933;0.055108;0.168225;0.128485;0.199297;0.125336;0.151245;0.032966;0.157348;0.129069;0.114372;0.136072;0.155314;0.051093;0.100065;0.096439;0.096050;0.077533;0.121764;0.043842;0.041331;0.076861;0.081353;0.056169;0.054188;0.159859;0.170400;0.080487;0.049838;0.173918;0.212242;
10;0.241180;0.190728;0.069219;0.151631;0.201405;0.038212;0.134462;0.207898;0.049601;0.112534;0.139461;0.150068;0.189234;0.102742;0.122325;0.129669;0.123176;0.026111;0.170536;0.016319;0.114235;0.013055;0.129738;0.155849;0.158297;0.062013;0.084044;0.069357;0.026111;0.078332;0.047326;0.139530;0.067725;0.051406;0.013055;0.019583;0.070173;0.074253;0.135450;0.052222;0.073437;0.109339;0.136266;0.160745;0.146057;0.101145;0.122360;0.017135;0.132151;0.071770;0.163124;0.128819;0.175191;0.100973;0.229044;0.218471;0.123992;0.043246;0.158262;0.104409;0.151597;0.068369;0.049636;0.179374;
30;0.176550;0.167414;0.146958;0.216824;0.208544;0.119337;0.113088;0.129531;0.064845;0.134459;0.033132;0.216342;0.247164;0.094670;0.071186;0.045929;0.016707;0.035901;0.060613;0.149019;0.194160;0.082780;0.119744;0.131931;0.091419;0.127764;0.033415;0.100058;0.206936;0.084023;0.072061;0.167252;0.118506;0.027087;0.075966;0.197170;0.157552;0.061425;0.018763;0.106438;0.136483;0.075645;0.086012;0.102365;0.094995;0.006772;0.045371;0.063099;0.068741;0.093533;0.176527;0.173440;0.064544;0.100222;0.056206;0.097381;0.138779;0.186388;0.114285;0.205024;0.080007;0.090064;0.075989;0.163975;
10;0.123317;0.136548;0.019471;0.010484;0.116078;0.073766;0.118699;0.080506;0.142414;0.134052;0.086122;0.131804;0.183104;0.074015;0.152898;0.026960;0.096480;0.121321;0.138046;0.153772;0.113331;0.044184;0.192589;0.036321;0.199451;0.155019;0.141541;0.085623;0.109337;0.019720;0.154146;0.144285;0.180604;0.211683;0.109586;0.038194;0.157516;0.148030;0.132553;0.189219;0.078634;0.203320;0.171367;0.110586;0.005242;0.160012;0.021342;0.142788;0.074889;0.040438;0.209686;0.133051;0.169374;0.123068;0.030704;0.051674;0.165753;0.030705;0.032950;0.157263;0.163756;0.030705;0.083002;0.012481;
10;0.197402;0.065124;0.056590;0.051803;0.170525;0.190897;0.120725;0.019618;0.207211;0.113414;0.053572;0.154419;0.109407;0.175806;0.061872;0.022636;0.148357;0.205467;0.060363;0.051048;0.054326;0.021881;0.039236;0.174297;0.121714;0.067388;0.064890;0.133292;0.114689;0.018863;0.135061;0.083753;0.194149;0.089789;0.054326;0.131783;0.089529;0.172268;0.069651;0.198677;0.067153;0.092808;0.124498;0.038221;0.145365;0.174532;0.098324;0.087006;0.095826;0.056590;0.107144;0.028412;0.138054;0.177030;0.195138;0.192120;0.055835;0.033199;0.078471;0.198182;0.119945;0.174011;0.151375;0.201175;
18;0.017038;0.174210;0.073551;0.096224;0.174912;0.189663;0.149755;0.174523;0.154140;0.062778;0.163957;0.175749;0.199325;0.191855;0.160647;0.180478;0.121506;0.038169;0.141696;0.082851;0.172523;0.103653;0.105354;0.120015;0.036719;0.084071;0.080771;0.117879;0.078900;0.150690;0.081720;0.105064;0.050571;0.032023;0.083263;0.088030;0.057757;0.012305;0.117842;0.181620;0.131267;0.063502;0.032100;0.093788;0.188604;0.064799;0.188656;0.089240;0.059451;0.116395;0.043056;0.082463;0.039884;0.137760;0.147295;0.105194;0.161268;0.153285;0.177451;0.017739;0.006741;0.120785;0.155103;0.219293;
10;0.173867;0.069232;0.124303;0.099128;0.015735;0.068445;0.042483;0.008654;0.038550;0.019668;0.145303;0.009865;0.170720;0.039336;0.029109;0.065298;0.178346;0.117768;0.190330;0.166062;0.091260;0.088900;0.018399;0.122247;0.165092;0.146997;0.156380;0.088297;0.075526;0.036189;0.150207;0.184581;0.101488;0.142398;0.187424;0.163943;0.048777;0.119583;0.209998;0.206489;0.166303;0.029109;0.139009;0.188694;0.134530;0.065298;0.122913;0.111657;0.183070;0.012588;0.070805;0.121943;0.057431;0.143184;0.147118;0.188028;0.262958;0.132112;0.086057;0.143850;0.052590;0.050351;0.061365;0.027535;
10;0.172940;0.172328;0.131246;0.204450;0.001551;0.009306;0.096164;0.094001;0.013184;0.142858;0.175756;0.211736;0.049633;0.019388;0.139593;0.068245;0.173103;0.047164;0.207083;0.061592;0.109980;0.118042;0.041102;0.114633;0.068878;0.109205;0.095246;0.098348;0.169695;0.151552;0.085164;0.158695;0.076633;0.145185;0.103307;0.180552;0.075552;0.031041;0.188165;0.188165;0.039715;0.052429;0.122225;0.012572;0.186144;0.161797;0.136511;0.201961;0.148287;0.100511;0.057082;0.059572;0.080674;0.198552;0.199471;0.000776;0.087327;0.031796;0.161001;0.079429;0.089205;0.139613;0.071041;0.123307;
10;0.038076;0.082244;0.037527;0.134789;0.103017;0.139570;0.046877;0.131281;0.098997;0.068537;0.072220;0.100059;0.197533;0.187633;0.101458;0.144527;0.094304;0.179044;0.062408;0.126800;0.132343;0.193052;0.110808;0.073281;0.159882;0.081870;0.163565;0.107425;0.204899;0.064905;0.072007;0.030124;0.029999;0.081783;0.097650;0.135726;0.204475;0.121381;0.117486;0.095951;0.138596;0.072344;0.012184;0.174812;0.152816;0.060123;0.049374;0.200792;0.034268;0.096713;0.098236;0.041883;0.114315;0.174139;0.201341;0.131369;0.117274;0.140881;0.058088;0.057414;0.167336;0.214975;0.141994;0.183328;
10;0.166572;0.090015;0.167000;0.114542;0.044704;0.068554;0.019839;0.138980;0.117857;0.073063;0.110620;0.089159;0.048198;0.119141;0.094614;0.166572;0.078678;0.102438;0.048447;0.174148;0.188462;0.007665;0.026398;0.197570;0.213148;0.192792;0.202756;0.141189;0.193399;0.129533;0.107644;0.189905;0.020426;0.223789;0.161705;0.130797;0.094186;0.116503;0.197659;0.125522;0.082779;0.146644;0.113169;0.154986;0.082351;0.017629;0.113009;0.120246;0.002299;0.011497;0.096485;0.134809;0.185485;0.173988;0.050587;0.090443;0.040623;0.024527;0.105773;0.080479;0.153294;0.024527;0.111904;0.062084;
10;0.096127;0.041873;0.100333;0.174654;0.036417;0.027009;0.032899;0.055559;0.028985;0.057354;0.193795;0.020067;0.086212;0.061813;0.180544;0.165498;0.035674;0.052151;0.065600;0.119491;0.148096;0.096617;0.010840;0.198761;0.014374;0.085722;0.189099;0.217721;0.192507;0.110738;0.076550;0.147100;0.124567;0.185691;0.204145;0.202659;0.160478;0.121143;0.054254;0.123372;0.184332;0.146120;0.134592;0.073269;0.049052;0.081010;0.161711;0.023039;0.098791;0.203528;0.114960;0.026755;0.153844;0.133034;0.054689;0.129753;0.133034;0.085848;0.200864;0.033389;0.033444;0.017837;0.167657;0.199251;
10;0.096442;0.029490;0.124338;0.022317;0.080794;0.139774;0.131511;0.190492;0.058330;0.007970;0.037461;0.035216;0.144703;0.104851;0.160205;0.100427;0.093546;0.075068;0.007320;0.040942;0.073767;0.123980;0.048766;0.149046;0.192672;0.024204;0.148542;0.210857;0.195063;0.121085;0.054491;0.139628;0.129706;0.167817;0.072823;0.071376;0.174486;0.187239;0.087024;0.065357;0.195063;0.114416;0.042389;0.033118;0.212744;0.220715;0.019129;0.091659;0.127965;0.189988;0.083689;0.131804;0.202236;0.187093;0.069342;0.172160;0.025798;0.016884;0.149046;0.122890;0.215640;0.121589;0.047172;0.031882;
10;0.131889;0.111325;0.115582;0.029633;0.106699;0.030008;0.058716;0.031120;0.055386;0.154301;0.177820;0.180601;0.147080;0.026675;0.194127;0.141152;0.089657;0.055386;0.158744;0.111877;0.021488;0.038530;0.130779;0.023894;0.051867;0.114108;0.054090;0.174864;0.020375;0.056313;0.175608;0.117072;0.134855;0.073355;0.000000;0.179313;0.116326;0.177642;0.010373;0.120777;0.137073;0.123555;0.041494;0.037789;0.170968;0.150035;0.148559;0.066687;0.174676;0.186717;0.077801;0.127446;0.163561;0.177082;0.139853;0.193020;0.058350;0.203573;0.145784;0.148193;0.122073;0.181716;0.029267;0.178941;
10;0.100354;0.174791;0.042974;0.195783;0.192033;0.024587;0.153670;0.029105;0.091380;0.108621;0.070634;0.185625;0.144565;0.118195;0.063773;0.159816;0.202698;0.146870;0.186447;0.037895;0.200654;0.150973;0.079009;0.049343;0.181991;0.217596;0.022958;0.060477;0.206032;0.182644;0.075037;0.117127;0.148706;0.189428;0.170181;0.121775;0.059071;0.021852;0.089336;0.169882;0.083750;0.096213;0.073462;0.011395;0.008921;0.018440;0.033846;0.093646;0.028429;0.083750;0.020745;0.126478;0.025525;0.010158;0.039823;0.157680;0.193324;0.010626;0.072862;0.044603;0.199079;0.171249;0.177358;0.106800;
10;0.009402;0.175225;0.174727;0.153697;0.198160;0.200262;0.111510;0.140626;0.115179;0.023096;0.084621;0.069734;0.209540;0.125043;0.094932;0.091922;0.171842;0.111100;0.065033;0.091673;0.211766;0.019801;0.032125;0.140377;0.067223;0.126236;0.042311;0.046228;0.165413;0.175599;0.036042;0.050146;0.137865;0.123227;0.104210;0.008619;0.045408;0.075182;0.130850;0.016454;0.092420;0.138897;0.002351;0.083838;0.129246;0.176258;0.046228;0.195473;0.160587;0.211641;0.132417;0.112045;0.189578;0.061862;0.035383;0.154070;0.149493;0.134855;0.090106;0.159840;0.109533;0.119968;0.131882;0.130938;
10;0.145175;0.131908;0.187618;0.134197;0.190965;0.144236;0.179811;0.011447;0.042737;0.111421;0.179224;0.148697;0.193254;0.049311;0.056180;0.124394;0.048079;0.071737;0.196013;0.125039;0.103202;0.012680;0.061816;0.055710;0.072500;0.177052;0.141829;0.203645;0.200592;0.036044;0.082890;0.002289;0.095394;0.003053;0.021075;0.084123;0.191728;0.089759;0.103026;0.029000;0.041210;0.082421;0.143180;0.197070;0.200123;0.085649;0.122574;0.125627;0.126684;0.017553;0.043206;0.059702;0.202412;0.169596;0.182864;0.030232;0.061816;0.089289;0.142416;0.181044;0.143649;0.025360;0.125333;0.138601;
10;0.156464;0.163107;0.081187;0.155736;0.078973;0.178607;0.160887;0.106261;0.170482;0.079700;0.044281;0.146879;0.094473;0.134320;0.140958;0.159405;0.094457;0.180816;0.087092;0.140974;0.086354;0.063467;0.166054;0.134315;0.174168;0.097409;0.163850;0.036900;0.030995;0.140231;0.117344;0.093719;0.153506;0.168274;0.183041;0.025829;0.066425;0.183041;0.152779;0.123987;0.157934;0.174911;0.027299;0.051662;0.109235;0.008852;0.162374;0.060514;0.182287;0.172697;0.084129;0.061258;0.033948;0.125474;0.023620;0.015490;0.163845;0.083396;0.179345;0.018447;0.138760;0.030995;0.074549;0.163861;
10;0.136667;0.187005;0.129713;0.100801;0.168251;0.193630;0.090733;0.127335;0.165669;0.133790;0.145341;0.102364;0.024677;0.091221;0.047382;0.163687;0.216007;0.024224;0.186756;0.024801;0.013861;0.026035;0.179360;0.201444;0.114379;0.064075;0.036726;0.029863;0.024473;0.045446;0.191286;0.130585;0.168013;0.084392;0.054698;0.154854;0.139917;0.058605;0.134402;0.131650;0.211319;0.009377;0.098174;0.137583;0.067823;0.064857;0.059387;0.082093;0.057292;0.141434;0.187299;0.132646;0.162577;0.204445;0.053917;0.091141;0.125025;0.012502;0.198941;0.140992;0.036771;0.174672;0.022332;0.077359;
36;0.172733;0.081268;0.039805;0.115002;0.043230;0.148817;0.209493;0.242707;0.029172;0.085689;0.064009;0.007544;0.080761;0.053710;0.105048;0.227794;0.048644;0.098736;0.019796;0.112458;0.132037;0.103674;0.187106;0.085656;0.061042;0.030670;0.010744;0.132943;0.031900;0.015437;0.127184;0.069231;0.078335;0.082289;0.118598;0.107487;0.069239;0.087773;0.085721;0.041566;0.090381;0.122431;0.128853;0.067791;0.112413;0.019707;0.151449;0.192491;0.216533;0.140260;0.215490;0.147582;0.027824;0.081568;0.211259;0.233521;0.169608;0.176920;0.079338;0.178808;0.036387;0.036614;0.165568;0.222818;
10;0.155670;0.181805;0.037881;0.181136;0.048071;0.171959;0.037139;0.145245;0.064360;0.130603;0.187778;0.140793;0.088848;0.144231;0.108341;0.093029;0.037881;0.148684;0.035891;0.079907;0.112323;0.093536;0.199416;0.162077;0.171996;0.164810;0.192230;0.058388;0.025230;0.027963;0.164068;0.183398;0.125318;0.069627;0.134114;0.067528;0.051202;0.020778;0.188321;0.186366;0.185896;0.203434;0.172701;0.113535;0.087563;0.070496;0.080686;0.182385;0.134349;0.151652;0.106622;0.129119;0.035619;0.037103;0.186294;0.014099;0.034877;0.051202;0.015583;0.048976;0.076432;0.080143;0.180321;0.075690;
20;0.033915;0.170178;0.061445;0.050288;0.039299;0.037289;0.074080;0.071424;0.112308;0.158781;0.182161;0.115034;0.032162;0.135822;0.118321;0.108472;0.062314;0.044887;0.202390;0.108485;0.202888;0.153797;0.179946;0.169914;0.170456;0.105837;0.172683;0.203035;0.184150;0.125304;0.121080;0.049435;0.055398;0.096781;0.151751;0.131889;0.146825;0.155918;0.157838;0.004204;0.142016;0.085216;0.097811;0.091042;0.018437;0.037637;0.115331;0.048262;0.164921;0.019364;0.100707;0.066755;0.142069;0.164513;0.189926;0.085510;0.073267;0.052927;0.021872;0.175211;0.188562;0.180003;0.176850;0.012133;
10;0.060733;0.043975;0.186403;0.131854;0.177478;0.079026;0.148941;0.146086;0.037318;0.059341;0.188196;0.175025;0.017963;0.092928;0.161710;0.027805;0.132184;0.164379;0.130390;0.192586;0.180405;0.149270;0.094392;0.133904;0.173892;0.109171;0.186403;0.207953;0.150002;0.111953;0.050489;0.122929;0.173489;0.190319;0.132513;0.044305;0.096989;0.027074;0.185125;0.028537;0.151136;0.054879;0.087074;0.032927;0.179014;0.057806;0.095855;0.065855;0.025280;0.039513;0.155124;0.150734;0.048036;0.138367;0.014305;0.027074;0.109098;0.000000;0.118538;0.010646;0.122744;0.173232;0.192514;0.083416;
1099;0.156061;0.143415;0.128813;0.110400;0.101758;0.089299;0.079893;0.070509;0.160916;0.145683;0.131298;0.111926;0.100894;0.087458;0.077360;0.068855;0.166456;0.151601;0.137545;0.113878;0.099830;0.084896;0.077356;0.069754;0.173692;0.158425;0.141476;0.118183;0.100538;0.085465;0.077219;0.070480;0.182350;0.164934;0.147407;0.123441;0.107791;0.091236;0.081365;0.075560;0.186614;0.170278;0.153015;0.126972;0.110857;0.094648;0.083805;0.077510;0.189459;0.174598;0.158556;0.133356;0.115436;0.098795;0.087047;0.080430;0.187075;0.175428;0.158185;0.135498;0.118906;0.102438;0.092207;0.083250;
10;0.193296;0.053366;0.023203;0.125993;0.054348;0.023485;0.004641;0.042836;0.082905;0.110718;0.061100;0.123554;0.111358;0.118765;0.051581;0.097451;0.198070;0.134739;0.148794;0.148497;0.173113;0.212914;0.190619;0.064967;0.143678;0.143440;0.096276;0.132017;0.048725;0.125904;0.182959;0.190098;0.105542;0.136970;0.201759;0.133668;0.010828;0.151590;0.040813;0.180877;0.183152;0.186261;0.056356;0.110763;0.158194;0.020109;0.055686;0.043133;0.042137;0.200450;0.187302;0.035964;0.161065;0.052429;0.019336;0.028617;0.092156;0.144719;0.136792;0.133921;0.072806;0.122617;0.119196;0.138442;
21;0.126045;0.134107;0.019350;0.073639;0.102127;0.026983;0.107149;0.233388;0.059396;0.165821;0.068801;0.034939;0.052946;0.037627;0.143699;0.226717;0.029272;0.024108;0.115484;0.138678;0.133008;0.123603;0.070764;0.043374;0.024538;0.063531;0.037298;0.213143;0.076304;0.022236;0.054909;0.147920;0.149294;0.081862;0.137483;0.123053;0.119923;0.225598;0.098447;0.105026;0.045695;0.221366;0.090100;0.104883;0.169899;0.080196;0.104114;0.057701;0.180366;0.167641;0.173145;0.120388;0.032380;0.050364;0.006640;0.053083;0.264847;0.253469;0.244589;0.123430;0.137896;0.053482;0.038434;0.019350;
10;0.013241;0.125903;0.215448;0.001501;0.052518;0.045766;0.083239;0.182700;0.108261;0.172845;0.209121;0.177812;0.038263;0.043515;0.124929;0.127606;0.190628;0.197380;0.121867;0.003751;0.182314;0.122780;0.144274;0.102847;0.019994;0.056432;0.017256;0.031511;0.186552;0.178461;0.111100;0.180124;0.094270;0.013829;0.140299;0.123956;0.130769;0.044327;0.190303;0.139873;0.123205;0.064421;0.144537;0.047003;0.077176;0.188377;0.151290;0.034512;0.030011;0.113250;0.204782;0.079427;0.062434;0.124767;0.101935;0.021007;0.140299;0.154514;0.201517;0.073688;0.103536;0.075250;0.164369;0.042765;
20;0.192788;0.111593;0.174029;0.152891;0.077797;0.098134;0.022136;0.107529;0.216545;0.117007;0.151353;0.117183;0.035220;0.023029;0.018103;0.096087;0.161953;0.072632;0.106158;0.078057;0.042089;0.067062;0.126059;0.144110;0.049436;0.129966;0.201112;0.186635;0.177844;0.147665;0.215256;0.128397;0.056399;0.177957;0.210319;0.183362;0.187841;0.171920;0.171961;0.073868;0.064058;0.022687;0.095475;0.139787;0.066241;0.088605;0.040707;0.037558;0.085196;0.073109;0.076747;0.143735;0.140577;0.168064;0.189960;0.073619;0.033879;0.076840;0.048043;0.018800;0.032580;0.136835;0.104017;0.166224;
10;0.191380;0.154625;0.170113;0.024720;0.172917;0.071279;0.166565;0.172917;0.167328;0.088274;0.139080;0.073409;0.000000;0.055047;0.122091;0.036711;0.086099;0.091090;0.155337;0.137649;0.101625;0.128443;0.092451;0.066345;0.062810;0.143320;0.189950;0.040278;0.091745;0.105859;0.072690;0.123509;0.074102;0.160264;0.166660;0.167334;0.069874;0.124914;0.130566;0.155267;0.105186;0.050151;0.031815;0.095337;0.186351;0.135513;0.141877;0.010611;0.177933;0.184221;0.011292;0.148947;0.112987;0.176490;0.035337;0.115791;0.176573;0.021204;0.008469;0.110870;0.181519;0.168784;0.188506;0.059339;
10;0.010220;0.143796;0.213743;0.192182;0.121382;0.221718;0.103907;0.119486;0.202502;0.228688;0.169380;0.112200;0.136592;0.065255;0.168841;0.039404;0.149359;0.079915;0.082595;0.005629;0.068354;0.115766;0.030006;0.033541;0.013671;0.036992;0.034579;0.090871;0.038047;0.072426;0.079882;0.042019;0.022416;0.013956;0.163782;0.201093;0.018061;0.087220;0.138720;0.030961;0.162308;0.079512;0.085845;0.025818;0.192984;0.085259;0.014041;0.061034;0.041935;0.136860;0.113891;0.209905;0.207492;0.159661;0.029320;0.204494;0.101443;0.168574;0.196653;0.073130;0.027678;0.212703;0.166865;0.089565;
21;0.165412;0.212202;0.190737;0.206603;0.188113;0.127608;0.122472;0.087683;0.155424;0.099906;0.049491;0.071021;0.144751;0.086490;0.019697;0.013842;0.162488;0.155243;0.099905;0.014284;0.054760;0.088781;0.024785;0.156934;0.049728;0.059517;0.054595;0.053172;0.128657;0.039828;0.119729;0.017729;0.102948;0.118425;0.050984;0.028395;0.128025;0.118205;0.079800;0.167176;0.036780;0.183766;0.118458;0.088071;0.178426;0.165177;0.173466;0.168732;0.062909;0.163463;0.102507;0.149043;0.110913;0.106379;0.133850;0.143101;0.177345;0.145867;0.061511;0.210922;0.194512;0.123143;0.089524;0.086000;
15;0.152077;0.054074;0.076255;0.066876;0.070831;0.047637;0.191461;0.039753;0.105453;0.044390;0.099938;0.041328;0.040023;0.127755;0.138373;0.151026;0.129837;0.108217;0.069413;0.086980;0.159739;0.165502;0.047118;0.044970;0.022839;0.054030;0.078529;0.089900;0.119424;0.133878;0.205545;0.043815;0.072206;0.016828;0.164290;0.190306;0.090836;0.096500;0.024300;0.194502;0.221039;0.210996;0.193133;0.074035;0.034948;0.159867;0.142434;0.067774;0.234657;0.213683;0.159566;0.179707;0.118595;0.084158;0.043355;0.035167;0.167265;0.211917;0.200765;0.084182;0.040786;0.003289;0.138381;0.070505;
18;0.032973;0.018072;0.085205;0.045560;0.169413;0.061085;0.025180;0.093749;0.159947;0.020885;0.111122;0.078408;0.113599;0.027657;0.103737;0.183808;0.055240;0.047130;0.109032;0.084055;0.134345;0.119212;0.196599;0.010820;0.136838;0.025323;0.159678;0.084758;0.182278;0.151219;0.116790;0.087251;0.102023;0.079964;0.037758;0.050435;0.130384;0.194976;0.085032;0.048562;0.006217;0.139388;0.164763;0.164655;0.216922;0.212592;0.013173;0.085818;0.092149;0.145512;0.204656;0.219305;0.182691;0.065930;0.062605;0.079121;0.095206;0.074465;0.138716;0.201917;0.193852;0.083081;0.182700;0.202728;
12;0.172139;0.081955;0.056199;0.122569;0.098878;0.155675;0.146603;0.057456;0.132106;0.019049;0.182469;0.145732;0.095845;0.027963;0.075785;0.014065;0.156870;0.183761;0.149468;0.127280;0.064902;0.030240;0.119554;0.132916;0.197562;0.153204;0.137513;0.119712;0.090219;0.086501;0.080875;0.083688;0.115615;0.157688;0.069561;0.140370;0.195444;0.185546;0.016711;0.028834;0.089586;0.089419;0.144273;0.039101;0.157468;0.158119;0.057016;0.069675;0.130806;0.055557;0.170241;0.180623;0.171533;0.113163;0.108240;0.178030;0.064700;0.009142;0.091424;0.088276;0.170179;0.200252;0.170179;0.144326;
10;0.079155;0.186094;0.052842;0.137251;0.048976;0.054896;0.051163;0.124747;0.135356;0.181480;0.189320;0.014449;0.176284;0.084409;0.066252;0.148076;0.031833;0.032872;0.151168;0.197559;0.057481;0.130160;0.046790;0.048336;0.020876;0.025515;0.012770;0.151035;0.117149;0.075771;0.152316;0.096539;0.209980;0.126319;0.083769;0.003866;0.198598;0.134159;0.152582;0.130825;0.141641;0.221627;0.110082;0.074225;0.017035;0.139463;0.012263;0.198997;0.152548;0.164329;0.195979;0.060200;0.093579;0.017301;0.023087;0.058387;0.005412;0.233673;0.242095;0.155641;0.112800;0.164204;0.038551;0.045883;
10;0.215866;0.200250;0.022393;0.052783;0.006819;0.209658;0.146015;0.009829;0.163420;0.150246;0.086603;0.031190;0.046385;0.062275;0.105881;0.167987;0.020225;0.207827;0.217192;0.023192;0.094369;0.114594;0.189054;0.164788;0.047416;0.039040;0.177626;0.003199;0.087971;0.055981;0.222032;0.174195;0.033021;0.110595;0.039040;0.052593;0.123159;0.178341;0.173017;0.031653;0.198377;0.044406;0.029022;0.021025;0.164746;0.177541;0.038808;0.046195;0.022246;0.080816;0.162957;0.178762;0.216813;0.014627;0.139154;0.021593;0.050005;0.135051;0.105376;0.162157;0.121076;0.174238;0.055182;0.007997;
10;0.232305;0.055968;0.038536;0.061940;0.072875;0.213380;0.215761;0.049310;0.221007;0.005326;0.024574;0.114922;0.148414;0.034138;0.204825;0.166693;0.219796;0.006214;0.058591;0.063070;0.192720;0.114236;0.119845;0.082560;0.235694;0.102090;0.097651;0.086716;0.031959;0.202727;0.128197;0.129731;0.043257;0.010653;0.023081;0.044427;0.103099;0.105560;0.247356;0.257727;0.066298;0.115406;0.038173;0.076386;0.090711;0.078928;0.222620;0.057703;0.078726;0.069244;0.013316;0.034057;0.077637;0.129408;0.036397;0.084335;0.164554;0.072270;0.029094;0.083811;0.119078;0.121459;0.190622;0.037285;
10;0.000000;0.072771;0.140354;0.070458;0.155468;0.152016;0.161827;0.009190;0.121005;0.204108;0.207273;0.063566;0.098029;0.076832;0.021502;0.130961;0.124170;0.132104;0.169500;0.064332;0.065097;0.200958;0.037541;0.079649;0.161798;0.138735;0.058234;0.042888;0.108058;0.126699;0.003078;0.031400;0.067555;0.043654;0.192374;0.078363;0.084476;0.136597;0.082091;0.172476;0.029868;0.195292;0.052844;0.171812;0.180309;0.088523;0.034840;0.081427;0.055951;0.012254;0.107985;0.016112;0.144256;0.228082;0.190395;0.201564;0.043091;0.133635;0.208616;0.176146;0.143995;0.191074;0.121251;0.003078;
10;0.213086;0.069715;0.167838;0.203900;0.206200;0.119590;0.032968;0.039868;0.059775;0.203133;0.157911;0.084336;0.046002;0.112704;0.035241;0.125710;0.114977;0.008434;0.009200;0.119604;0.193973;0.077436;0.102696;0.058201;0.177845;0.062855;0.073602;0.084336;0.134171;0.161772;0.087376;0.173218;0.160992;0.073589;0.161731;0.095043;0.116524;0.115770;0.046768;0.027587;0.073562;0.087362;0.169385;0.131817;0.117263;0.007653;0.119604;0.005367;0.111897;0.084296;0.144111;0.020674;0.183212;0.053641;0.202366;0.109596;0.180885;0.016840;0.092756;0.063635;0.083556;0.184719;0.209966;0.227613;
10;0.115782;0.077927;0.174768;0.190054;0.119421;0.162379;0.085935;0.005107;0.070628;0.024047;0.173308;0.140543;0.112876;0.158020;0.198060;0.124516;0.109941;0.163100;0.127427;0.087385;0.190782;0.196611;0.057539;0.115773;0.172572;0.136900;0.071363;0.075727;0.098316;0.120162;0.125234;0.086639;0.176220;0.181322;0.079378;0.091744;0.046612;0.052435;0.050964;0.083727;0.186402;0.071382;0.055362;0.163830;0.132516;0.039326;0.109221;0.141263;0.071362;0.160194;0.165300;0.052448;0.136899;0.150739;0.132544;0.171856;0.097575;0.004374;0.083742;0.050258;0.125985;0.155856;0.148577;0.111428;
10;0.229338;0.145302;0.154356;0.007874;0.124989;0.129529;0.032276;0.000828;0.148186;0.135346;0.072827;0.004965;0.038069;0.142369;0.038519;0.184174;0.151095;0.132462;0.009103;0.133241;0.082758;0.039724;0.158920;0.100989;0.122202;0.206190;0.093991;0.007448;0.057103;0.032276;0.006621;0.091034;0.204535;0.230190;0.103971;0.034430;0.074081;0.110069;0.188689;0.129103;0.186255;0.197038;0.207821;0.068787;0.146555;0.216851;0.059184;0.080276;0.092689;0.006621;0.128701;0.138657;0.149841;0.118393;0.047647;0.208198;0.120827;0.044689;0.034758;0.060414;0.105529;0.107184;0.170105;0.095221;
35;0.016838;0.029630;0.138657;0.104386;0.197432;0.165322;0.214016;0.213349;0.014848;0.022248;0.057014;0.022859;0.116811;0.153876;0.155301;0.148009;0.136378;0.038409;0.042315;0.056145;0.184287;0.061379;0.029455;0.122214;0.215774;0.160644;0.126218;0.134520;0.065046;0.103972;0.045452;0.045726;0.229170;0.103796;0.114706;0.083861;0.073542;0.072064;0.066457;0.073443;0.224418;0.221171;0.201753;0.156782;0.039968;0.115491;0.048495;0.127693;0.104129;0.197408;0.145317;0.076947;0.054229;0.120637;0.090837;0.169253;0.033368;0.054085;0.106041;0.176798;0.105458;0.136402;0.092286;0.032084;
10;0.055417;0.127847;0.066537;0.166890;0.053200;0.172162;0.180766;0.107889;0.089617;0.107505;0.032311;0.138284;0.066829;0.034144;0.195991;0.181778;0.167082;0.088896;0.109759;0.067505;0.029456;0.168331;0.083058;0.206299;0.135310;0.172236;0.141960;0.160122;0.117521;0.014076;0.102698;0.120432;0.078415;0.129982;0.034199;0.055144;0.047326;0.037447;0.096906;0.147150;0.169025;0.090255;0.165568;0.064284;0.103829;0.076216;0.073671;0.083413;0.183822;0.165486;0.162612;0.045228;0.138649;0.182691;0.136459;0.193937;0.199338;0.175383;0.094013;0.021428;0.109093;0.143374;0.136887;0.045885;
10;0.034483;0.109208;0.019810;0.170949;0.062363;0.004402;0.069700;0.041820;0.107118;0.032060;0.071901;0.026413;0.082796;0.020432;0.070434;0.045489;0.049891;0.128173;0.145671;0.026813;0.161923;0.133198;0.130485;0.133420;0.176597;0.114233;0.142002;0.144826;0.059096;0.207189;0.056272;0.139068;0.039397;0.200697;0.117791;0.145560;0.191893;0.188847;0.110454;0.191159;0.212214;0.070323;0.175240;0.193360;0.150918;0.178687;0.057739;0.048824;0.145449;0.032282;0.113721;0.100293;0.015296;0.164747;0.117168;0.070434;0.209791;0.175974;0.166325;0.142847;0.064342;0.160455;0.128284;0.053559;
10;0.046648;0.067931;0.068366;0.191169;0.107246;0.085963;0.113502;0.187916;0.054964;0.183722;0.164385;0.021926;0.034344;0.100442;0.174535;0.143537;0.156918;0.054757;0.021056;0.151854;0.033474;0.022682;0.136411;0.037047;0.194721;0.010585;0.134899;0.121176;0.182096;0.025271;0.129607;0.036291;0.085849;0.125505;0.010150;0.151740;0.098495;0.197217;0.084678;0.192360;0.145463;0.105092;0.006805;0.182417;0.098930;0.137810;0.157146;0.123123;0.223979;0.058216;0.108116;0.013930;0.116319;0.154008;0.129379;0.088117;0.225813;0.049144;0.086191;0.142895;0.034344;0.125278;0.202603;0.152268;
10;0.044696;0.160608;0.021743;0.154347;0.162867;0.025131;0.131563;0.125569;0.178518;0.018265;0.134435;0.074523;0.070175;0.123302;0.103737;0.065479;0.155218;0.103656;0.172346;0.192694;0.073740;0.106085;0.054434;0.036870;0.160438;0.161568;0.205562;0.033651;0.078694;0.095564;0.045043;0.174436;0.206699;0.207651;0.128344;0.112693;0.071998;0.052086;0.092176;0.193137;0.068787;0.059218;0.188603;0.000783;0.018000;0.001565;0.100784;0.192532;0.010174;0.031303;0.050868;0.111127;0.165126;0.045390;0.169652;0.219664;0.006261;0.169039;0.089304;0.169127;0.103301;0.016434;0.199479;0.180535;
10;0.028780;0.093341;0.151680;0.074354;0.195979;0.209521;0.060353;0.094897;0.076229;0.063783;0.022239;0.098149;0.176074;0.183712;0.056464;0.006223;0.047908;0.061271;0.160835;0.122262;0.074036;0.027684;0.151680;0.074354;0.025490;0.222107;0.178866;0.091926;0.111691;0.069228;0.129263;0.046811;0.216662;0.142907;0.126891;0.158183;0.046671;0.108120;0.094578;0.110594;0.094400;0.190215;0.153197;0.138278;0.171904;0.149346;0.106565;0.119928;0.076369;0.192727;0.156028;0.153376;0.166140;0.080258;0.170029;0.031573;0.126011;0.007778;0.097231;0.034225;0.197713;0.109179;0.171725;0.008556;
34;0.230873;0.135012;0.119095;0.073702;0.095324;0.043349;0.179974;0.112260;0.229569;0.221396;0.176377;0.066515;0.070668;0.088474;0.191457;0.167438;0.137860;0.119191;0.073359;0.086568;0.068990;0.018563;0.185275;0.188680;0.184076;0.134801;0.117161;0.078083;0.147597;0.061238;0.159250;0.077363;0.120989;0.011376;0.093688;0.052022;0.124684;0.107336;0.119520;0.096236;0.141001;0.012766;0.026336;0.016921;0.058757;0.035516;0.159324;0.182419;0.168184;0.053676;0.062213;0.045499;0.086474;0.127054;0.185993;0.138427;0.166663;0.075025;0.104803;0.109180;0.113055;0.110999;0.140215;0.106929;
10;0.170707;0.201212;0.023659;0.074500;0.198865;0.226435;0.217831;0.176569;0.103247;0.162692;0.046930;0.161224;0.144798;0.102561;0.143234;0.137170;0.034609;0.102658;0.079193;0.007822;0.013297;0.037544;0.032069;0.060227;0.061106;0.111165;0.079878;0.140009;0.039891;0.115761;0.073524;0.017990;0.100900;0.143137;0.106375;0.014958;0.157313;0.109794;0.177843;0.168264;0.072742;0.025029;0.102464;0.124462;0.177061;0.191140;0.197398;0.183907;0.158192;0.177650;0.078314;0.081443;0.179214;0.133066;0.012612;0.098554;0.194172;0.140202;0.048495;0.151741;0.071178;0.044584;0.032851;0.010950;
10;0.216733;0.008476;0.021575;0.082400;0.102880;0.116165;0.101710;0.187916;0.203681;0.054661;0.173369;0.006118;0.110632;0.143133;0.182569;0.063861;0.140729;0.042333;0.022345;0.106287;0.086931;0.055385;0.076236;0.062413;0.123285;0.111680;0.045461;0.164123;0.033903;0.083217;0.125596;0.019263;0.063861;0.085390;0.202510;0.133979;0.139327;0.093141;0.053028;0.125596;0.193895;0.187777;0.054430;0.203820;0.039604;0.202278;0.162982;0.182198;0.086021;0.109415;0.048451;0.191398;0.136645;0.202232;0.088964;0.149605;0.075466;0.019263;0.131760;0.020573;0.201462;0.135520;0.101617;0.136691;
10;0.108542;0.035124;0.186349;0.124763;0.114199;0.114646;0.071516;0.015285;0.035217;0.135119;0.201915;0.132769;0.203277;0.199357;0.114365;0.123733;0.061960;0.059777;0.148314;0.104290;0.182710;0.091542;0.125470;0.158670;0.102626;0.068417;0.103728;0.119107;0.151953;0.143760;0.154584;0.002184;0.117911;0.070601;0.113731;0.073252;0.033221;0.119834;0.157495;0.026202;0.018924;0.173320;0.074521;0.071703;0.157682;0.074615;0.151860;0.037307;0.135660;0.145943;0.103188;0.162871;0.168600;0.025215;0.156227;0.100910;0.159866;0.108283;0.083629;0.029675;0.198535;0.173882;0.131033;0.201000;
10;0.132358;0.068597;0.087489;0.029950;0.112604;0.003936;0.020467;0.180263;0.103270;0.086739;0.146565;0.056039;0.176477;0.055964;0.159947;0.202379;0.183712;0.174266;0.212837;0.125461;0.226219;0.188360;0.219135;0.165532;0.188285;0.096185;0.060837;0.165457;0.154511;0.109567;0.156798;0.161521;0.029950;0.037822;0.038684;0.092137;0.153612;0.040183;0.099222;0.080329;0.194433;0.180263;0.054315;0.016531;0.031487;0.081866;0.048018;0.088951;0.007122;0.035460;0.081117;0.129922;0.141729;0.029163;0.085840;0.007122;0.165457;0.056039;0.132396;0.194582;0.022978;0.167031;0.129247;0.031637;
10;0.175977;0.004571;0.139411;0.094914;0.113197;0.058659;0.080889;0.156308;0.088507;0.026939;0.083175;0.152187;0.119741;0.105717;0.026039;0.095501;0.187506;0.205027;0.122302;0.076906;0.191177;0.089269;0.111362;0.183109;0.154298;0.075070;0.156896;0.125524;0.101146;0.112435;0.161191;0.011877;0.136951;0.168047;0.074345;0.076181;0.073895;0.092179;0.108938;0.008380;0.089581;0.128433;0.194261;0.063992;0.027425;0.034281;0.032758;0.037329;0.097649;0.141972;0.045084;0.157070;0.035493;0.118842;0.145505;0.151600;0.207102;0.211535;0.144046;0.169048;0.129296;0.194362;0.191177;0.114684;
